request_number,created_at,customer_full_name,customer_phone,equipment_type_name,equipment_model_name,problem_description,fault_type_name,status_code,opened_by_username,assigned_specialist_username,completed_at
R-20250716-6414,2025-07-16 01:27:09,Иванов Сергей Владимировна,+7 (926) 593-35-80,Фанкойл,Carrier 40RM,Плохо греет,Не работает вентиляция,open,operator1,specialist1,
R-20251109-5068,2025-11-09 16:26:09,Иванов Андрей Алексеевич,+7 (929) 290-65-30,Кондиционер,Daikin FTXB,Не работает обогрев,Протечка,in_repair,operator2,specialist3,
R-20251024-6755,2025-10-24 18:11:09,Соколов Александр Петрович,+7 (999) 632-69-19,Осушитель,Trotec BD,Издает странные звуки,Искрит,in_repair,operator3,,
R-20251126-5207,2025-11-26 23:48:09,Соколов Александр Николаевич,+7 (929) 647-30-88,Осушитель,Trotec BD,Не работает таймер,Не включается,waiting_parts,operator2,specialist1,
R-20251120-7684,2025-11-20 01:40:09,Новикова Николай Андреевна,+7 (905) 126-58-83,Кондиционер,Daikin S12EQ,Выбивает автомат при включении,Не работает вентиляция,open,operator3,specialist3,
R-20251001-4342,2025-10-01 21:22:09,Смирнова Иван Петрович,+7 (926) 452-70-64,Вентиляция,Vents 3000,Плохо греет,Другое,in_repair,operator2,specialist2,
R-20251105-1381,2025-11-05 22:55:09,Соколова Екатерина Петрович,+7 (926) 138-41-14,Тепловой насос,Mitsubishi Zubadan,Не работает дистанционное управление,Замерзает блок,in_repair,operator1,,
R-20250913-4357,2025-09-13 05:56:09,Новикова Алексей Николаевна,+7 (999) 575-28-98,Осушитель,Master BD,Вибрация при включении,Не работает пульт,waiting_parts,operator5,,
R-20250827-8096,2025-08-27 08:54:09,Попова Мария Николаевич,+7 (903) 774-19-45,Фанкойл,York 40RM,Не работает вентиляция,Искрит,completed,operator4,,2025-09-08 11:54:09
R-20251001-0101,2025-10-01 22:08:09,Попова Елена Николаевна,+7 (916) 626-76-68,Кондиционер,Mitsubishi S12EQ,Искрит при включении,Не греет,waiting_parts,operator4,specialist10,
R-20251112-8982,2025-11-12 13:09:09,Соколов Александр Николаевич,+7 (929) 647-30-88,Увлажнитель,Stadler LW25,Не отображается температура,Не работает вентиляция,open,operator,specialist1,
R-20250719-4309,2025-07-19 14:06:09,Новикова Юлия Михайлович,+7 (905) 183-55-94,Чиллер,Trane 30XA,Течет фреон,Не охлаждает,in_repair,operator4,specialist1,
R-20250926-4925,2025-09-26 22:18:09,Смирнов Андрей Михайлович,+7 (926) 445-28-67,Фанкойл,Daikin 40RM,Не работает вентиляция,Замерзает блок,waiting_parts,operator5,specialist7,
R-20250803-4747,2025-08-03 18:12:09,Петрова Иван Андреевич,+7 (929) 717-49-74,Обогреватель,Timberk BEC,Течет фреон,Шум/вибрация,in_repair,operator2,specialist7,
R-20250823-5717,2025-08-23 12:37:09,Лебедев Юлия Ивановна,+7 (916) 770-58-62,Фанкойл,York 40RM,Плохо охлаждает,Шум/вибрация,completed,operator3,,2025-09-21 18:37:09
R-20251102-3134,2025-11-02 10:47:09,Морозова Ольга Андреевна,+7 (926) 607-11-32,Обогреватель,Electrolux TCH,Течет фреон,Искрит,completed,operator,specialist4,2025-11-06 13:47:09
R-20250627-5273,2025-06-27 18:26:09,Петров Екатерина Сергеевич,+7 (905) 841-78-77,Кондиционер,Mitsubishi FTXB,Выбивает автомат при включении,Другое,open,operator,specialist8,
R-20250917-1424,2025-09-17 15:15:09,Петров Елена Александровна,+7 (905) 106-32-57,Осушитель,Ballu BD,Не работает обогрев,,open,operator2,specialist5,
R-20250715-4343,2025-07-15 05:25:09,Петров Елена Александровна,+7 (905) 106-32-57,Осушитель,Ballu BD,Запах гари,,waiting_parts,operator,specialist8,
R-20250726-1557,2025-07-26 21:14:09,Смирнов Дмитрий Сергеевич,+7 (926) 685-64-99,Фанкойл,Daikin 40RM,Не переключается режим,Замерзает блок,in_repair,operator1,specialist10,
R-20250926-0484,2025-09-26 15:20:09,Соколов Александр Николаевич,+7 (929) 647-30-88,Кондиционер,LG FTXB,Не работает дистанционное управление,Не охлаждает,completed,operator1,specialist10,2025-10-18 23:20:09
R-20250816-5614,2025-08-16 05:39:09,Кузнецов Николай Дмитриевич,+7 (916) 135-88-30,Тепловой насос,LG Altherma,Не переключается режим,Запах гари,open,operator5,specialist4,
R-20251013-7087,2025-10-13 21:20:09,Козлов Юлия Петрович,+7 (903) 915-53-57,Фанкойл,York 40RM,Вибрация при включении,Выбивает автомат,completed,operator2,specialist10,2025-10-27 02:20:09
R-20250729-2618,2025-07-29 06:33:09,Морозов Алексей Петровна,+7 (999) 692-96-58,Тепловой насос,LG Altherma,Вибрация при включении,Другое,waiting_parts,operator2,specialist6,
R-20250819-4412,2025-08-19 17:38:09,Новиков Екатерина Алексеевич,+7 (905) 128-74-58,Вентиляция,VentPro 3000,Выбивает автомат при включении,Искрит,in_repair,operator4,specialist1,
R-20250824-2773,2025-08-24 03:52:09,Соколов Александр Петрович,+7 (999) 632-69-19,Чиллер,Carrier 30XA,Замерзает внутренний блок,Не работает вентиляция,completed,operator1,,2025-09-07 09:52:09
R-20250628-1609,2025-06-28 10:02:09,Петрова Татьяна Петровна,+7 (905) 681-67-91,Обогреватель,Timberk BEC,Не работает дистанционное управление,,open,operator2,specialist3,
R-20250703-0131,2025-07-03 22:01:09,Лебедев Алексей Алексеевна,+7 (916) 256-25-80,Обогреватель,Ballu TCH,Течет фреон,Не охлаждает,open,operator1,specialist8,
R-20251101-3665,2025-11-01 01:27:09,Смирнова Дмитрий Андреевна,+7 (916) 398-65-95,Тепловой насос,LG Altherma,Вибрация при включении,Другое,completed,operator4,,2025-11-11 03:27:09
R-20250726-9480,2025-07-26 06:40:09,Попова Ирина Владимирович,+7 (916) 966-93-34,Кондиционер,LG FTXB,Замерзает внутренний блок,,in_repair,operator3,specialist7,
R-20251031-8752,2025-10-31 18:13:09,Морозова Петр Иванович,+7 (903) 350-75-19,Тепловой насос,LG Altherma,Течет фреон,Не работает вентиляция,waiting_parts,operator2,specialist2,
R-20250918-4903,2025-09-18 17:30:09,Кузнецов Андрей Андреевич,+7 (905) 572-86-22,Осушитель,Ballu DH,Выбивает автомат при включении,Запах гари,open,operator3,specialist,
R-20250905-8229,2025-09-05 05:29:09,Морозова Дмитрий Алексеевна,+7 (905) 298-83-88,Увлажнитель,Stadler LW25,Замерзает внутренний блок,Выбивает автомат,open,operator4,specialist10,
R-20251102-8791,2025-11-02 17:55:09,Лебедев Алексей Алексеевна,+7 (916) 256-25-80,Чиллер,Carrier YCIV,Плохо охлаждает,Искрит,open,operator2,,
R-20251210-1011,2025-12-10 21:21:09,Кузнецова Мария Петровна,+7 (903) 782-24-40,Обогреватель,Timberk TCH,Вибрация при включении,Искрит,completed,operator3,specialist3,2025-12-17 04:21:09
R-20251105-1078,2025-11-05 12:37:09,Попов Ирина Александровна,+7 (916) 236-59-19,Тепловой насос,LG Altherma,Течет вода,Не работает пульт,open,operator,specialist1,
R-20251112-4357,2025-11-12 22:40:09,Соколов Александр Алексеевна,+7 (926) 960-19-25,Обогреватель,Ballu TCH,Замерзает внутренний блок,Шум/вибрация,waiting_parts,operator1,specialist3,
R-20251002-0138,2025-10-02 20:54:09,Смирнов Наталья Дмитриевна,+7 (905) 398-25-55,Фанкойл,York 40RM,Не работает дистанционное управление,Не включается,in_repair,operator4,specialist,
R-20250902-0327,2025-09-02 07:50:09,Иванов Сергей Владимировна,+7 (926) 593-35-80,Чиллер,Trane 30XA,Плохо греет,Протечка,in_repair,operator,specialist3,
R-20251217-2417,2025-12-17 02:06:09,Кузнецов Иван Дмитриевна,+7 (926) 718-70-98,Тепловой насос,LG Zubadan,Искрит при включении,Не работает вентиляция,waiting_parts,operator2,,
R-20250915-8623,2025-09-15 18:05:09,Новикова Андрей Андреевна,+7 (903) 654-54-91,Чиллер,Trane 30XA,Течет вода,Другое,open,operator4,specialist,
R-20251205-2847,2025-12-05 07:29:09,Попова Наталья Ивановна,+7 (905) 826-72-94,Увлажнитель,Stadler LW25,Течет вода,,waiting_parts,operator,specialist10,
R-20251103-7588,2025-11-03 04:48:09,Кузнецов Андрей Александрович,+7 (916) 624-45-35,Осушитель,Trotec DH,Не работает обогрев,Не включается,open,operator,specialist10,
R-20251126-3967,2025-11-26 19:19:09,Новиков Алексей Михайлович,+7 (925) 317-92-40,Фанкойл,Carrier 40RM,Выбивает автомат при включении,,in_repair,operator5,,
R-20250808-5444,2025-08-08 16:21:09,Кузнецов Николай Дмитриевич,+7 (916) 135-88-30,Тепловой насос,Mitsubishi Zubadan,Не включается вообще,Не включается,waiting_parts,operator5,specialist1,
R-20250722-2887,2025-07-22 09:27:09,Попова Ирина Владимирович,+7 (916) 966-93-34,Обогреватель,Electrolux TCH,Искрит при включении,Выбивает автомат,completed,operator,,2025-08-07 12:27:09
R-20251027-5029,2025-10-27 07:11:09,Смирнов Светлана Иванович,+7 (926) 590-40-62,Фанкойл,York 42MV,Не включается после включения в сеть,Замерзает блок,completed,operator5,specialist8,2025-11-12 12:11:09
R-20251204-9429,2025-12-04 14:37:09,Соколов Александр Петрович,+7 (999) 632-69-19,Кондиционер,Daikin FTXB,Не работает таймер,,completed,operator2,specialist6,2025-12-17 21:37:09
R-20250810-3371,2025-08-10 08:10:09,Кузнецов Андрей Андреевич,+7 (905) 572-86-22,Кондиционер,LG S12EQ,Выбивает автомат при включении,Не включается,open,operator4,specialist4,
R-20250908-2457,2025-09-08 21:02:09,Козлов Мария Иванович,+7 (926) 457-85-71,Осушитель,Ballu BD,Течет вода,Течет фреон,waiting_parts,operator1,specialist9,
R-20251008-6475,2025-10-08 02:16:09,Попов Ирина Александровна,+7 (916) 236-59-19,Обогреватель,Ballu BEC,Не работает вентиляция,Течет фреон,waiting_parts,operator3,specialist9,
R-20251216-4630,2025-12-16 03:15:09,Лебедев Юлия Ивановна,+7 (916) 770-58-62,Обогреватель,Ballu BEC,Шумит при работе,Выбивает автомат,open,operator3,specialist4,
R-20250927-7129,2025-09-27 09:22:09,Морозова Петр Алексеевич,+7 (916) 991-78-78,Осушитель,Trotec DH,Не работает дистанционное управление,Другое,waiting_parts,operator5,specialist,
R-20250622-0424,2025-06-22 06:48:09,Кузнецов Иван Дмитриевна,+7 (926) 718-70-98,Чиллер,Trane 30XA,Замерзает внутренний блок,Запах гари,open,operator,specialist9,
R-20251008-6236,2025-10-08 19:58:09,Козлов Юлия Петрович,+7 (903) 915-53-57,Осушитель,Trotec DH,Искрит при включении,Течет фреон,open,operator4,specialist3,
R-20250923-6906,2025-09-23 14:27:09,Морозова Дмитрий Алексеевна,+7 (905) 298-83-88,Обогреватель,Electrolux TCH,Не работает таймер,Замерзает блок,in_repair,operator3,specialist6,
R-20251018-5944,2025-10-18 17:22:09,Козлов Михаил Сергеевич,+7 (926) 634-47-58,Чиллер,Trane YCIV,Течет вода,Не работает вентиляция,completed,operator4,specialist,2025-11-15 00:22:09
R-20250630-6099,2025-06-30 13:58:09,Смирнова Елена Сергеевич,+7 (929) 559-68-81,Обогреватель,Timberk BEC,Не работает дистанционное управление,Другое,in_repair,operator4,specialist6,
R-20251025-9525,2025-10-25 23:09:09,Морозов Александр Ивановна,+7 (916) 113-71-88,Кондиционер,LG S12EQ,Не работает дистанционное управление,Запах гари,in_repair,operator4,specialist3,
R-20250829-5502,2025-08-29 18:12:09,Соколова Иван Дмитриевна,+7 (999) 768-18-93,Тепловой насос,Mitsubishi Zubadan,Искрит при включении,Выбивает автомат,completed,operator5,specialist8,2025-09-19 02:12:09
R-20250911-0513,2025-09-11 07:14:09,Морозова Петр Иванович,+7 (903) 350-75-19,Тепловой насос,Mitsubishi Zubadan,Плохо охлаждает,Течет фреон,completed,operator5,specialist4,2025-10-03 10:14:09
R-20251105-6285,2025-11-05 01:04:09,Морозова Ольга Андреевна,+7 (926) 607-11-32,Чиллер,Carrier 30XA,Замерзает внутренний блок,Выбивает автомат,open,operator5,specialist9,
R-20251128-5123,2025-11-28 11:57:09,Новикова Алексей Николаевна,+7 (999) 575-28-98,Обогреватель,Ballu TCH,Не работает таймер,Не включается,in_repair,operator1,specialist6,
R-20250620-0376,2025-06-20 22:50:09,Новикова Татьяна Михайловна,+7 (999) 724-60-35,Увлажнитель,Boneco LW25,Плохо греет,Не работает вентиляция,waiting_parts,operator3,specialist2,
R-20250630-0344,2025-06-30 19:35:09,Попова Елена Николаевна,+7 (916) 626-76-68,Тепловой насос,Mitsubishi Zubadan,Не отображается температура,Замерзает блок,completed,operator4,specialist6,2025-07-27 01:35:09
R-20250905-5684,2025-09-05 18:31:09,Соколов Александр Николаевич,+7 (929) 647-30-88,Обогреватель,Ballu BEC,Не переключается режим,Не работает пульт,in_repair,operator5,specialist4,
R-20250906-6859,2025-09-06 16:30:09,Соколов Екатерина Сергеевич,+7 (999) 727-78-83,Осушитель,Master DH,Не работает вентиляция,Запах гари,waiting_parts,operator5,specialist,
R-20250623-3817,2025-06-23 11:01:09,Смирнов Дмитрий Сергеевич,+7 (926) 685-64-99,Фанкойл,York 42MV,Плохо охлаждает,Течет фреон,open,operator,specialist3,
R-20250629-4674,2025-06-29 13:13:09,Соколова Екатерина Петрович,+7 (926) 138-41-14,Осушитель,Ballu BD,Не отображается температура,Выбивает автомат,completed,operator1,specialist9,2025-07-27 15:13:09
R-20250713-4585,2025-07-13 16:43:09,Новикова Николай Николаевич,+7 (916) 658-20-44,Фанкойл,Daikin 42MV,Течет вода,Шум/вибрация,open,operator,specialist2,
R-20251101-2292,2025-11-01 17:53:09,Кузнецова Мария Петровна,+7 (903) 782-24-40,Увлажнитель,Boneco W200,Не включается после включения в сеть,Не охлаждает,completed,operator4,specialist4,2025-11-08 21:53:09
R-20251021-5666,2025-10-21 23:41:09,Соколова Елена Сергеевна,+7 (925) 282-72-71,Чиллер,Carrier YCIV,Плохо греет,Другое,waiting_parts,operator5,specialist1,
R-20250706-3484,2025-07-06 06:45:09,Соколова Екатерина Петрович,+7 (926) 138-41-14,Увлажнитель,Boneco LW25,Издает странные звуки,Протечка,in_repair,operator4,specialist10,
R-20250728-5897,2025-07-28 02:10:09,Смирнов Петр Сергеевич,+7 (929) 419-28-93,Чиллер,Carrier 30XA,Не включается вообще,Не охлаждает,completed,operator3,specialist4,2025-07-30 07:10:09
R-20251018-1818,2025-10-18 14:17:09,Новикова Николай Андреевна,+7 (905) 126-58-83,Обогреватель,Timberk TCH,Течет фреон,Течет фреон,completed,operator5,specialist9,2025-10-30 20:17:09
R-20250825-2176,2025-08-25 13:07:09,Козлова Михаил Николаевич,+7 (916) 400-78-41,Чиллер,Carrier 30XA,Вибрация при включении,Не работает дисплей,in_repair,operator5,,
R-20250831-4403,2025-08-31 09:29:09,Иванов Михаил Дмитриевич,+7 (929) 148-11-50,Увлажнитель,Boneco W200,Плохо греет,,open,operator5,specialist8,
R-20250927-8309,2025-09-27 16:55:09,Смирнова Елена Сергеевич,+7 (929) 559-68-81,Вентиляция,Systemair 3000,Не работает дистанционное управление,Не греет,open,operator3,specialist2,
R-20251106-8514,2025-11-06 14:20:09,Смирнов Наталья Дмитриевна,+7 (905) 398-25-55,Тепловой насос,LG Altherma,Не работает пульт управления,,in_repair,operator2,,
R-20250919-4821,2025-09-19 17:00:09,Козлова Ольга Михайлович,+7 (926) 256-74-48,Вентиляция,Systemair 2000,Вибрация при включении,Не работает пульт,in_repair,operator,,
R-20250701-8826,2025-07-01 14:56:09,Соколова Иван Дмитриевна,+7 (999) 768-18-93,Вентиляция,VentPro 2000,Течет фреон,Замерзает блок,completed,operator3,,2025-07-24 22:56:09
R-20250914-9749,2025-09-14 05:58:09,Лебедева Анна Сергеевич,+7 (905) 435-25-34,Обогреватель,Electrolux TCH,Не включается вообще,Не работает дисплей,completed,operator,specialist5,2025-09-18 06:58:09
R-20250929-9590,2025-09-29 13:36:09,Новикова Татьяна Михайловна,+7 (999) 724-60-35,Вентиляция,VentPro 3000,Шумит при работе,Замерзает блок,completed,operator5,,2025-10-06 14:36:09
R-20250816-2378,2025-08-16 17:17:09,Кузнецов Николай Дмитриевич,+7 (916) 135-88-30,Увлажнитель,Stadler LW25,Выбивает автомат при включении,Протечка,completed,operator1,specialist3,2025-09-01 19:17:09
R-20251002-9072,2025-10-02 16:42:09,Морозова Петр Иванович,+7 (903) 350-75-19,Вентиляция,Vents 2000,Шумит при работе,Запах гари,open,operator3,specialist3,
R-20250824-8120,2025-08-24 09:21:09,Новиков Александр Михайловна,+7 (926) 787-73-57,Обогреватель,Ballu BEC,Не переключается режим,Другое,completed,operator5,specialist8,2025-09-19 12:21:09
R-20251105-6088,2025-11-05 00:08:09,Морозова Петр Иванович,+7 (903) 350-75-19,Кондиционер,Daikin FTXB,Не переключается режим,Искрит,completed,operator,specialist8,2025-11-06 01:08:09
R-20250713-9676,2025-07-13 06:29:09,Смирнова Дмитрий Андреевна,+7 (916) 398-65-95,Чиллер,Carrier YCIV,Не переключается режим,Не греет,waiting_parts,operator2,specialist7,
R-20250831-0770,2025-08-31 15:55:09,Петров Екатерина Сергеевич,+7 (905) 841-78-77,Чиллер,York 30XA,Не включается вообще,Другое,completed,operator2,specialist4,2025-09-18 23:55:09
R-20250924-4226,2025-09-24 16:37:09,Лебедев Алексей Алексеевна,+7 (916) 256-25-80,Фанкойл,York 42MV,Замерзает внутренний блок,,open,operator,specialist10,
R-20250908-0724,2025-09-08 07:48:09,Соколов Александр Петрович,+7 (999) 632-69-19,Обогреватель,Ballu BEC,Плохо охлаждает,Искрит,waiting_parts,operator2,specialist4,
R-20250625-4706,2025-06-25 03:02:09,Соколов Александр Петрович,+7 (999) 632-69-19,Обогреватель,Ballu BEC,Не работает обогрев,,waiting_parts,operator,specialist5,
R-20251025-2665,2025-10-25 23:49:09,Иванов Мария Николаевна,+7 (925) 163-63-72,Чиллер,York 30XA,Не работает дистанционное управление,Искрит,in_repair,operator,specialist6,
R-20250808-8642,2025-08-08 15:03:09,Иванов Сергей Владимировна,+7 (926) 593-35-80,Осушитель,Trotec BD,Не отображается температура,Шум/вибрация,in_repair,operator4,specialist8,
R-20250807-0601,2025-08-07 19:21:09,Новиков Александр Михайловна,+7 (926) 787-73-57,Чиллер,York 30XA,Не переключается режим,Не греет,in_repair,operator1,specialist1,
R-20250919-7156,2025-09-19 12:03:09,Новикова Николай Николаевич,+7 (916) 658-20-44,Осушитель,Trotec DH,Не работает вентиляция,Не работает вентиляция,waiting_parts,operator4,specialist3,
R-20250717-7032,2025-07-17 04:26:09,Иванов Андрей Алексеевич,+7 (929) 290-65-30,Фанкойл,York 40RM,Не включается вообще,Не включается,completed,operator5,specialist1,2025-08-02 06:26:09
R-20250625-1339,2025-06-25 07:20:09,Козлов Александр Андреевна,+7 (903) 826-74-32,Кондиционер,Mitsubishi FTXB,Не включается вообще,Другое,waiting_parts,operator4,specialist4,
R-20251125-1329,2025-11-25 10:48:09,Кузнецов Андрей Александрович,+7 (916) 624-45-35,Кондиционер,Daikin FTXB,Издает странные звуки,Другое,waiting_parts,operator5,specialist6,
R-20251015-7421,2025-10-15 01:31:09,Козлов Мария Иванович,+7 (926) 457-85-71,Фанкойл,Carrier 42MV,Шумит при работе,Искрит,open,operator3,specialist6,
R-20250824-1860,2025-08-24 22:26:09,Соколов Александр Алексеевна,+7 (926) 960-19-25,Увлажнитель,Stadler W200,Выбивает автомат при включении,Не работает вентиляция,in_repair,operator3,,
R-20251107-2689,2025-11-07 21:12:09,Кузнецов Андрей Александрович,+7 (916) 624-45-35,Чиллер,Trane 30XA,Не работает пульт управления,Течет фреон,completed,operator,specialist9,2025-11-24 00:12:09
R-20251013-6500,2025-10-13 22:22:09,Морозова Ирина Алексеевна,+7 (926) 855-95-10,Осушитель,Master BD,Плохо греет,Не греет,in_repair,operator1,specialist8,
R-20250801-0411,2025-08-01 02:35:09,Морозов Алексей Петровна,+7 (999) 692-96-58,Тепловой насос,Daikin Zubadan,Искрит при включении,,waiting_parts,operator2,,
R-20250827-7007,2025-08-27 02:15:09,Петров Екатерина Сергеевич,+7 (905) 841-78-77,Обогреватель,Ballu BEC,Не переключается режим,Течет фреон,waiting_parts,operator,,
R-20250717-0702,2025-07-17 18:24:09,Козлов Александр Андреевна,+7 (903) 826-74-32,Увлажнитель,Venta W200,Течет вода,,waiting_parts,operator,specialist3,
R-20250702-5176,2025-07-02 12:26:09,Смирнова Иван Петрович,+7 (926) 452-70-64,Тепловой насос,LG Altherma,Плохо охлаждает,Другое,completed,operator3,,2025-07-06 14:26:09
R-20250728-7019,2025-07-28 15:58:09,Соколова Екатерина Петрович,+7 (926) 138-41-14,Вентиляция,Vents 3000,Издает странные звуки,Другое,open,operator,specialist8,
R-20251008-3891,2025-10-08 19:02:09,Козлов Юлия Петрович,+7 (903) 915-53-57,Осушитель,Trotec DH,Выбивает автомат при включении,Замерзает блок,open,operator5,,
R-20251002-5254,2025-10-02 10:48:09,Петров Екатерина Сергеевич,+7 (905) 841-78-77,Чиллер,York 30XA,Плохо охлаждает,Запах гари,completed,operator4,specialist9,2025-10-21 17:48:09
R-20250702-3537,2025-07-02 11:17:09,Петров Владимир Алексеевна,+7 (905) 255-72-83,Тепловой насос,Daikin Zubadan,Выбивает автомат при включении,Другое,completed,operator2,specialist6,2025-07-15 18:17:09
R-20250910-6826,2025-09-10 00:43:09,Иванов Петр Владимировна,+7 (999) 227-97-28,Кондиционер,LG FTXB,Шумит при работе,Запах гари,waiting_parts,operator2,specialist5,
R-20251009-3560,2025-10-09 13:28:09,Лебедева Анна Сергеевич,+7 (905) 435-25-34,Чиллер,Trane YCIV,Издает странные звуки,Не работает вентиляция,in_repair,operator,specialist4,
R-20250719-6772,2025-07-19 20:21:09,Кузнецова Мария Петровна,+7 (903) 782-24-40,Тепловой насос,Daikin Altherma,Издает странные звуки,Не работает вентиляция,in_repair,operator4,specialist8,
R-20250903-2158,2025-09-03 00:53:09,Морозов Александр Ивановна,+7 (916) 113-71-88,Осушитель,Trotec DH,Течет вода,Шум/вибрация,in_repair,operator5,specialist1,
R-20251202-2746,2025-12-02 01:04:09,Морозова Петр Иванович,+7 (903) 350-75-19,Кондиционер,Mitsubishi FTXB,Выбивает автомат при включении,Искрит,open,operator3,,
R-20251114-4609,2025-11-14 22:39:09,Петрова Татьяна Петровна,+7 (905) 681-67-91,Чиллер,York YCIV,Не включается вообще,Искрит,completed,operator1,specialist10,2025-11-27 03:39:09
R-20250725-4175,2025-07-25 05:47:09,Смирнов Андрей Михайлович,+7 (926) 445-28-67,Кондиционер,Mitsubishi FTXB,Вибрация при включении,Не охлаждает,waiting_parts,operator2,specialist1,
R-20250627-3503,2025-06-27 03:17:09,Козлов Владимир Михайловна,+7 (929) 977-35-68,Обогреватель,Electrolux TCH,Замерзает внутренний блок,Течет фреон,completed,operator1,specialist1,2025-07-07 05:17:09
R-20251112-8299,2025-11-12 20:05:09,Попов Александр Ивановна,+7 (926) 999-69-27,Обогреватель,Electrolux BEC,Не отображается температура,Протечка,waiting_parts,operator5,specialist,
R-20251103-4017,2025-11-03 09:29:09,Кузнецов Владимир Сергеевна,+7 (929) 196-63-67,Увлажнитель,Stadler W200,Не отображается температура,Протечка,in_repair,operator3,specialist9,
R-20250714-3766,2025-07-14 18:22:09,Морозова Дмитрий Алексеевна,+7 (905) 298-83-88,Обогреватель,Timberk TCH,Плохо охлаждает,Запах гари,open,operator2,specialist10,
R-20250721-0252,2025-07-21 02:59:09,Попов Михаил Андреевна,+7 (905) 644-59-84,Обогреватель,Ballu BEC,Не отображается температура,,in_repair,operator1,specialist3,
R-20250906-6183,2025-09-06 16:26:09,Козлова Николай Алексеевна,+7 (929) 976-80-63,Осушитель,Ballu DH,Вибрация при включении,Не греет,in_repair,operator3,specialist2,
R-20250908-5769,2025-09-08 00:02:09,Сидоров Екатерина Сергеевна,+7 (905) 246-16-79,Фанкойл,Daikin 42MV,Шумит при работе,Другое,open,operator2,specialist1,
R-20250726-6138,2025-07-26 16:35:09,Иванов Михаил Дмитриевич,+7 (929) 148-11-50,Осушитель,Trotec BD,Плохо греет,Запах гари,in_repair,operator5,specialist10,
R-20251028-0437,2025-10-28 02:47:09,Новиков Екатерина Алексеевич,+7 (905) 128-74-58,Осушитель,Master BD,Плохо охлаждает,Не работает дисплей,in_repair,operator1,,
R-20251024-9261,2025-10-24 01:23:09,Козлов Александр Андреевна,+7 (903) 826-74-32,Обогреватель,Ballu BEC,Запах гари,,open,operator,specialist10,
R-20251129-2574,2025-11-29 00:50:09,Козлов Юлия Андреевна,+7 (929) 436-37-97,Вентиляция,Vents 3000,Издает странные звуки,Искрит,completed,operator5,specialist9,2025-12-02 07:50:09
R-20250908-8230,2025-09-08 08:31:09,Новиков Елена Петровна,+7 (929) 636-91-34,Увлажнитель,Stadler LW25,Не включается вообще,Замерзает блок,open,operator5,specialist7,
R-20250825-4190,2025-08-25 15:51:09,Морозов Ольга Сергеевич,+7 (916) 158-27-77,Обогреватель,Electrolux BEC,Не работает пульт управления,Не работает пульт,open,operator3,specialist2,
R-20250830-4396,2025-08-30 12:14:09,Петрова Иван Андреевич,+7 (929) 717-49-74,Обогреватель,Timberk TCH,Издает странные звуки,Не работает вентиляция,in_repair,operator5,specialist,
R-20251108-0850,2025-11-08 12:17:09,Козлова Николай Алексеевна,+7 (929) 976-80-63,Чиллер,Trane 30XA,Не включается вообще,Замерзает блок,in_repair,operator2,specialist9,
R-20251215-0869,2025-12-15 02:29:09,Петров Сергей Дмитриевич,+7 (905) 614-91-70,Увлажнитель,Venta W200,Замерзает внутренний блок,Замерзает блок,completed,operator5,,2025-12-17 08:29:09
R-20250924-0926,2025-09-24 09:56:09,Соколова Екатерина Петрович,+7 (926) 138-41-14,Обогреватель,Electrolux TCH,Не работает пульт управления,,open,operator3,specialist5,
R-20250910-6315,2025-09-10 10:32:09,Кузнецов Юлия Иванович,+7 (903) 752-77-58,Вентиляция,VentPro 3000,Замерзает внутренний блок,,completed,operator4,,2025-09-14 17:32:09
R-20251109-3722,2025-11-09 19:43:09,Петров Екатерина Сергеевич,+7 (905) 841-78-77,Вентиляция,VentPro 2000,Искрит при включении,,waiting_parts,operator5,specialist4,
R-20250717-1015,2025-07-17 15:42:09,Кузнецов Татьяна Андреевна,+7 (929) 831-23-26,Осушитель,Trotec DH,Не работает пульт управления,Течет фреон,in_repair,operator5,specialist9,
R-20251121-7174,2025-11-21 15:32:09,Новикова Сергей Иванович,+7 (903) 250-19-85,Фанкойл,Daikin 40RM,Не включается вообще,,open,operator4,specialist7,
R-20250909-7466,2025-09-09 11:13:09,Кузнецов Андрей Владимирович,+7 (929) 908-15-27,Чиллер,Carrier 30XA,Искрит при включении,Не охлаждает,waiting_parts,operator4,specialist10,
R-20250812-3051,2025-08-12 00:19:09,Морозов Александр Ивановна,+7 (916) 113-71-88,Вентиляция,VentPro 3000,Не работает вентиляция,Запах гари,open,operator,specialist,
R-20250712-7528,2025-07-12 22:19:09,Попов Ольга Михайловна,+7 (929) 473-78-92,Вентиляция,VentPro 3000,Не работает обогрев,Не включается,open,operator5,specialist10,
R-20251215-7024,2025-12-15 10:57:09,Новикова Николай Андреевна,+7 (905) 126-58-83,Вентиляция,Vents 2000,Не работает дистанционное управление,Не работает дисплей,open,operator3,specialist3,
R-20250810-0344,2025-08-10 05:36:09,Смирнова Елена Сергеевич,+7 (929) 559-68-81,Кондиционер,LG FTXB,Плохо греет,Не греет,in_repair,operator5,specialist10,
R-20251204-6532,2025-12-04 03:23:09,Морозова Петр Алексеевич,+7 (916) 991-78-78,Тепловой насос,Mitsubishi Zubadan,Не работает пульт управления,Не работает пульт,completed,operator5,specialist3,2025-12-21 07:23:09
R-20250831-1038,2025-08-31 02:12:09,Новикова Юлия Михайлович,+7 (905) 183-55-94,Чиллер,Trane 30XA,Вибрация при включении,Не работает дисплей,open,operator1,specialist2,
R-20250910-4283,2025-09-10 03:08:09,Смирнова Дмитрий Алексеевич,+7 (926) 714-25-11,Вентиляция,Systemair 3000,Не работает пульт управления,Запах гари,open,operator3,,
R-20251101-8953,2025-11-01 10:59:09,Сидоров Иван Александровна,+7 (925) 207-83-26,Осушитель,Master DH,Замерзает внутренний блок,Запах гари,completed,operator3,specialist10,2025-11-11 12:59:09
R-20251004-3183,2025-10-04 08:03:09,Смирнова Дмитрий Андреевна,+7 (916) 398-65-95,Обогреватель,Ballu BEC,Издает странные звуки,Не греет,waiting_parts,operator5,specialist10,
R-20250706-9822,2025-07-06 07:23:09,Соколова Ирина Ивановна,+7 (905) 520-30-47,Вентиляция,Systemair 3000,Плохо греет,Искрит,open,operator3,specialist2,
R-20251118-4965,2025-11-18 06:28:09,Морозов Александр Ивановна,+7 (916) 113-71-88,Чиллер,York 30XA,Не работает дистанционное управление,Замерзает блок,completed,operator1,,2025-12-17 07:28:09
R-20251025-1889,2025-10-25 12:49:09,Кузнецов Андрей Александрович,+7 (926) 456-30-19,Фанкойл,Daikin 42MV,Течет вода,Шум/вибрация,waiting_parts,operator2,specialist7,
R-20250922-9261,2025-09-22 21:15:09,Сидоров Иван Александровна,+7 (925) 207-83-26,Вентиляция,Vents 2000,Не работает таймер,Выбивает автомат,waiting_parts,operator,,
R-20250806-0976,2025-08-06 12:58:09,Иванов Сергей Владимировна,+7 (926) 593-35-80,Вентиляция,Vents 3000,Не работает вентиляция,Течет фреон,completed,operator5,,2025-09-02 17:58:09
R-20250829-7981,2025-08-29 12:29:09,Морозова Дмитрий Алексеевна,+7 (905) 298-83-88,Чиллер,York YCIV,Выбивает автомат при включении,Не работает вентиляция,waiting_parts,operator4,specialist5,
R-20251001-3658,2025-10-01 21:52:09,Морозов Александр Ивановна,+7 (916) 113-71-88,Обогреватель,Ballu TCH,Не включается после включения в сеть,Течет фреон,waiting_parts,operator2,specialist9,
R-20251206-0695,2025-12-06 10:35:09,Морозова Ирина Алексеевна,+7 (926) 855-95-10,Обогреватель,Timberk TCH,Замерзает внутренний блок,Не включается,completed,operator2,specialist2,2025-12-09 13:35:09
R-20251216-6891,2025-12-16 06:31:09,Соколов Александр Николаевич,+7 (929) 647-30-88,Вентиляция,VentPro 3000,Искрит при включении,Запах гари,waiting_parts,operator2,specialist7,
R-20251123-2793,2025-11-23 23:05:09,Иванов Петр Владимировна,+7 (999) 227-97-28,Вентиляция,Systemair 2000,Не работает обогрев,Выбивает автомат,open,operator4,,
R-20250804-9784,2025-08-04 10:45:09,Кузнецов Татьяна Андреевна,+7 (929) 831-23-26,Чиллер,Trane 30XA,Не работает обогрев,Шум/вибрация,completed,operator2,specialist9,2025-08-12 11:45:09
R-20250718-8009,2025-07-18 22:03:09,Попова Михаил Сергеевич,+7 (916) 166-73-97,Осушитель,Master BD,Не работает вентиляция,Шум/вибрация,completed,operator1,,2025-07-27 03:03:09
R-20250919-5413,2025-09-19 18:10:09,Новикова Татьяна Михайловна,+7 (999) 724-60-35,Тепловой насос,Mitsubishi Altherma,Не работает дистанционное управление,,open,operator1,specialist10,
R-20250927-0408,2025-09-27 09:27:09,Попова Наталья Ивановна,+7 (905) 826-72-94,Тепловой насос,Mitsubishi Altherma,Плохо греет,Течет фреон,open,operator2,,
R-20251121-7654,2025-11-21 10:08:09,Попова Михаил Сергеевич,+7 (916) 166-73-97,Фанкойл,Carrier 40RM,Искрит при включении,Не работает дисплей,in_repair,operator3,specialist1,
R-20250719-8462,2025-07-19 03:26:09,Соколова Владимир Андреевич,+7 (903) 394-36-59,Чиллер,Trane YCIV,Искрит при включении,,waiting_parts,operator,specialist,
R-20251113-5826,2025-11-13 01:05:09,Соколов Александр Николаевич,+7 (929) 647-30-88,Вентиляция,Systemair 2000,Не работает таймер,Замерзает блок,completed,operator2,specialist3,2025-11-21 03:05:09
R-20251010-9573,2025-10-10 03:16:09,Морозова Елена Сергеевич,+7 (999) 882-12-20,Осушитель,Master BD,Не работает вентиляция,Не работает вентиляция,completed,operator,specialist8,2025-11-05 06:16:09
R-20251208-0370,2025-12-08 15:42:09,Смирнова Иван Петрович,+7 (926) 452-70-64,Увлажнитель,Boneco LW25,Не работает дистанционное управление,Не включается,open,operator,specialist1,
R-20251107-3643,2025-11-07 06:56:09,Соколов Екатерина Сергеевич,+7 (999) 727-78-83,Осушитель,Trotec DH,Не включается после включения в сеть,Не греет,in_repair,operator5,specialist1,
R-20251003-0976,2025-10-03 02:52:09,Соколова Иван Дмитриевна,+7 (999) 768-18-93,Фанкойл,Carrier 42MV,Искрит при включении,Запах гари,waiting_parts,operator2,specialist1,
R-20250917-1912,2025-09-17 08:00:09,Петров Владимир Дмитриевич,+7 (916) 267-85-14,Тепловой насос,LG Zubadan,Не работает вентиляция,Не работает вентиляция,waiting_parts,operator5,specialist7,
R-20250722-9847,2025-07-22 06:13:09,Смирнов Наталья Дмитриевна,+7 (905) 398-25-55,Тепловой насос,Daikin Altherma,Шумит при работе,Не включается,open,operator5,specialist2,
R-20251115-8626,2025-11-15 11:14:09,Новиков Александр Михайловна,+7 (926) 787-73-57,Фанкойл,Daikin 40RM,Выбивает автомат при включении,Протечка,completed,operator1,specialist6,2025-11-27 16:14:09
R-20250624-8017,2025-06-24 21:09:09,Попов Екатерина Сергеевна,+7 (903) 708-74-52,Увлажнитель,Boneco W200,Не работает дистанционное управление,Замерзает блок,completed,operator3,,2025-07-18 23:09:09
R-20251201-4478,2025-12-01 21:43:09,Кузнецова Мария Петровна,+7 (903) 782-24-40,Кондиционер,Mitsubishi S12EQ,Не работает таймер,Шум/вибрация,open,operator5,,
R-20250804-9710,2025-08-04 18:34:09,Смирнова Дмитрий Андреевна,+7 (916) 398-65-95,Чиллер,Trane YCIV,Течет вода,Не греет,open,operator,specialist5,
R-20251213-4094,2025-12-13 04:30:09,Новиков Алексей Михайлович,+7 (925) 317-92-40,Увлажнитель,Boneco LW25,Запах гари,Протечка,completed,operator5,specialist1,2026-01-02 11:30:09
R-20250707-2514,2025-07-07 07:10:09,Новиков Алексей Михайлович,+7 (925) 317-92-40,Обогреватель,Ballu TCH,Выбивает автомат при включении,Шум/вибрация,open,operator5,specialist5,
R-20251026-1788,2025-10-26 07:00:09,Попов Александр Ивановна,+7 (926) 999-69-27,Фанкойл,Daikin 40RM,Не включается вообще,Выбивает автомат,open,operator4,,
R-20250807-7730,2025-08-07 05:11:09,Смирнова Иван Петрович,+7 (926) 452-70-64,Увлажнитель,Stadler W200,Плохо греет,Шум/вибрация,waiting_parts,operator3,specialist3,
R-20251206-7814,2025-12-06 22:02:09,Морозова Дмитрий Алексеевна,+7 (905) 298-83-88,Вентиляция,Vents 2000,Выбивает автомат при включении,Течет фреон,in_repair,operator3,,
R-20250710-4406,2025-07-10 04:45:09,Попов Михаил Андреевна,+7 (905) 644-59-84,Кондиционер,Mitsubishi FTXB,Течет фреон,Не работает пульт,open,operator3,specialist7,
R-20251202-2559,2025-12-02 22:57:09,Морозова Елена Николаевич,+7 (903) 722-11-34,Тепловой насос,Mitsubishi Zubadan,Выбивает автомат при включении,Не охлаждает,in_repair,operator1,specialist,
R-20250818-0238,2025-08-18 08:35:09,Кузнецов Андрей Андреевич,+7 (905) 572-86-22,Кондиционер,LG FTXB,Плохо греет,Другое,waiting_parts,operator5,specialist8,
R-20251213-4162,2025-12-13 15:21:09,Смирнова Дмитрий Андреевна,+7 (916) 398-65-95,Тепловой насос,Mitsubishi Altherma,Не работает обогрев,Выбивает автомат,completed,operator2,specialist1,2025-12-20 22:21:09
R-20251209-6689,2025-12-09 14:41:09,Новикова Николай Николаевич,+7 (916) 658-20-44,Чиллер,Carrier YCIV,Шумит при работе,Не включается,completed,operator5,specialist7,2026-01-07 20:41:09
R-20250728-9452,2025-07-28 23:02:09,Новиков Михаил Дмитриевна,+7 (903) 870-67-29,Чиллер,Trane YCIV,Плохо охлаждает,Не работает пульт,open,operator1,specialist8,
R-20250727-5190,2025-07-27 23:15:09,Попов Михаил Андреевна,+7 (905) 644-59-84,Увлажнитель,Stadler W200,Искрит при включении,Искрит,waiting_parts,operator4,specialist9,
R-20251012-2609,2025-10-12 06:02:09,Иванов Петр Владимировна,+7 (999) 227-97-28,Кондиционер,LG S12EQ,Плохо охлаждает,Выбивает автомат,in_repair,operator5,specialist7,
R-20250622-1090,2025-06-22 01:04:09,Новиков Михаил Дмитриевна,+7 (903) 870-67-29,Вентиляция,Systemair 3000,Не работает пульт управления,Не охлаждает,open,operator,specialist9,
R-20250703-9641,2025-07-03 21:33:09,Петров Андрей Владимировна,+7 (999) 877-55-94,Осушитель,Master BD,Плохо греет,Запах гари,open,operator,specialist7,
R-20251128-2015,2025-11-28 16:02:09,Козлов Юлия Андреевна,+7 (929) 436-37-97,Тепловой насос,Daikin Altherma,Не переключается режим,Не греет,open,operator3,specialist2,
R-20250708-6330,2025-07-08 02:21:09,Сидоров Екатерина Сергеевна,+7 (905) 246-16-79,Фанкойл,Daikin 40RM,Не работает таймер,Течет фреон,open,operator2,specialist2,
R-20250809-6348,2025-08-09 03:00:09,Новикова Николай Николаевич,+7 (916) 658-20-44,Обогреватель,Timberk TCH,Течет вода,Искрит,waiting_parts,operator2,specialist3,
R-20250912-7059,2025-09-12 06:08:09,Попов Александр Ивановна,+7 (926) 999-69-27,Осушитель,Ballu DH,Вибрация при включении,Не работает пульт,in_repair,operator3,specialist7,
R-20250630-4399,2025-06-30 00:22:09,Козлов Владимир Михайловна,+7 (929) 977-35-68,Обогреватель,Ballu BEC,Замерзает внутренний блок,Запах гари,in_repair,operator5,specialist2,
R-20250912-8782,2025-09-12 22:22:09,Кузнецов Татьяна Андреевна,+7 (929) 831-23-26,Осушитель,Ballu BD,Течет вода,,completed,operator2,specialist9,2025-09-29 04:22:09
R-20250620-6482,2025-06-20 22:13:09,Иванов Петр Владимировна,+7 (999) 227-97-28,Увлажнитель,Stadler LW25,Не работает пульт управления,Искрит,open,operator4,specialist3,
R-20250724-9320,2025-07-24 10:35:09,Морозова Ольга Андреевна,+7 (926) 607-11-32,Фанкойл,Carrier 40RM,Не работает вентиляция,Выбивает автомат,completed,operator2,specialist7,2025-08-10 17:35:09
R-20250723-5350,2025-07-23 01:31:09,Смирнов Петр Сергеевич,+7 (929) 419-28-93,Тепловой насос,Daikin Altherma,Искрит при включении,,open,operator3,,
R-20250711-8385,2025-07-11 01:01:09,Смирнова Елена Сергеевич,+7 (929) 559-68-81,Фанкойл,Daikin 42MV,Течет фреон,Не работает вентиляция,open,operator4,specialist6,
R-20250719-0841,2025-07-19 14:19:09,Новикова Николай Андреевна,+7 (905) 126-58-83,Увлажнитель,Boneco LW25,Плохо греет,Искрит,completed,operator4,specialist10,2025-08-17 21:19:09
R-20250629-3330,2025-06-29 02:42:09,Козлова Ольга Михайлович,+7 (926) 256-74-48,Фанкойл,York 40RM,Замерзает внутренний блок,Не включается,open,operator4,specialist4,
R-20251118-9031,2025-11-18 17:20:09,Лебедева Михаил Дмитриевна,+7 (903) 709-46-98,Фанкойл,York 40RM,Запах гари,,completed,operator1,specialist5,2025-11-24 23:20:09
R-20251116-1723,2025-11-16 01:03:09,Иванов Андрей Алексеевич,+7 (929) 290-65-30,Вентиляция,Vents 3000,Не включается вообще,,completed,operator,specialist,2025-12-02 04:03:09
R-20251119-7655,2025-11-19 19:41:09,Петров Екатерина Сергеевич,+7 (905) 841-78-77,Фанкойл,Carrier 40RM,Не работает пульт управления,Искрит,in_repair,operator4,specialist2,
R-20250729-4781,2025-07-29 19:42:09,Сидоров Петр Алексеевна,+7 (905) 869-92-25,Осушитель,Master DH,Не отображается температура,Не включается,open,operator5,,
R-20250814-5805,2025-08-14 00:41:09,Морозова Ирина Алексеевна,+7 (926) 855-95-10,Увлажнитель,Venta LW25,Выбивает автомат при включении,Не работает пульт,completed,operator,specialist10,2025-08-31 03:41:09
R-20250725-0472,2025-07-25 16:20:09,Кузнецов Андрей Александрович,+7 (926) 456-30-19,Осушитель,Ballu BD,Не работает вентиляция,Течет фреон,in_repair,operator5,,
R-20251012-9958,2025-10-12 20:28:09,Новикова Юлия Михайлович,+7 (905) 183-55-94,Осушитель,Trotec DH,Не работает пульт управления,Протечка,waiting_parts,operator5,specialist1,
R-20250919-1796,2025-09-19 06:57:09,Смирнова Дмитрий Андреевна,+7 (916) 398-65-95,Увлажнитель,Venta W200,Не включается после включения в сеть,Не работает пульт,waiting_parts,operator5,specialist5,
R-20250923-4580,2025-09-23 12:33:09,Соколова Ирина Ивановна,+7 (905) 520-30-47,Кондиционер,Daikin FTXB,Не работает дистанционное управление,Другое,waiting_parts,operator5,,
R-20251011-4462,2025-10-11 19:48:09,Иванов Дмитрий Александровна,+7 (926) 415-52-10,Осушитель,Ballu BD,Издает странные звуки,Искрит,completed,operator3,specialist9,2025-11-04 01:48:09
R-20250630-3386,2025-06-30 22:10:09,Лебедев Юлия Ивановна,+7 (916) 770-58-62,Фанкойл,Carrier 42MV,Течет фреон,Выбивает автомат,in_repair,operator4,specialist4,
R-20251201-2454,2025-12-01 03:51:09,Сидоров Дмитрий Иванович,+7 (929) 160-30-88,Увлажнитель,Stadler W200,Не включается вообще,Выбивает автомат,in_repair,operator5,,
R-20250908-6945,2025-09-08 01:26:09,Козлова Николай Алексеевна,+7 (929) 976-80-63,Обогреватель,Electrolux TCH,Плохо греет,Запах гари,waiting_parts,operator5,specialist3,
R-20250624-4387,2025-06-24 13:54:09,Соколов Екатерина Сергеевич,+7 (999) 727-78-83,Вентиляция,VentPro 3000,Искрит при включении,Шум/вибрация,completed,operator5,specialist9,2025-06-27 21:54:09
R-20251028-9536,2025-10-28 23:58:09,Смирнов Петр Сергеевич,+7 (929) 419-28-93,Обогреватель,Electrolux TCH,Замерзает внутренний блок,Не охлаждает,completed,operator2,specialist7,2025-11-28 07:58:09
R-20251212-8972,2025-12-12 17:42:09,Соколов Александр Алексеевна,+7 (926) 960-19-25,Вентиляция,Vents 3000,Не работает вентиляция,Не работает пульт,open,operator5,specialist6,
R-20251029-8271,2025-10-29 02:53:09,Смирнова Дмитрий Алексеевич,+7 (926) 714-25-11,Чиллер,Trane YCIV,Течет фреон,Протечка,open,operator5,specialist7,
R-20251127-0243,2025-11-27 20:50:09,Новикова Николай Андреевна,+7 (905) 126-58-83,Увлажнитель,Boneco W200,Замерзает внутренний блок,Не греет,open,operator4,specialist3,
R-20251121-4990,2025-11-21 11:00:09,Морозова Петр Алексеевич,+7 (916) 991-78-78,Осушитель,Ballu DH,Не работает пульт управления,Не работает дисплей,open,operator2,specialist9,
R-20250908-3186,2025-09-08 14:29:09,Петров Владимир Дмитриевич,+7 (916) 267-85-14,Увлажнитель,Stadler W200,Не работает таймер,Замерзает блок,open,operator2,specialist9,
R-20250822-7184,2025-08-22 17:33:09,Кузнецов Андрей Владимирович,+7 (929) 908-15-27,Тепловой насос,Daikin Zubadan,Не работает вентиляция,Искрит,completed,operator4,specialist6,2025-09-02 18:33:09
R-20251122-9087,2025-11-22 04:13:09,Попов Ирина Александровна,+7 (916) 236-59-19,Кондиционер,Daikin S12EQ,Не работает таймер,Шум/вибрация,completed,operator2,specialist,2025-12-15 12:13:09
R-20251213-6361,2025-12-13 04:55:09,Кузнецов Иван Дмитриевна,+7 (926) 718-70-98,Чиллер,Carrier 30XA,Не включается вообще,Течет фреон,completed,operator5,specialist8,2026-01-07 07:55:09
R-20250815-8637,2025-08-15 16:30:09,Козлова Николай Алексеевна,+7 (929) 976-80-63,Обогреватель,Ballu TCH,Искрит при включении,,waiting_parts,operator,specialist7,
R-20251101-0126,2025-11-01 16:53:09,Соколова Наталья Дмитриевна,+7 (925) 728-23-61,Вентиляция,VentPro 3000,Вибрация при включении,,completed,operator4,specialist2,2025-11-28 23:53:09
R-20251029-7139,2025-10-29 08:19:09,Петров Сергей Дмитриевич,+7 (905) 614-91-70,Осушитель,Trotec BD,Шумит при работе,,completed,operator,,2025-11-14 09:19:09
R-20250706-1327,2025-07-06 08:55:09,Новиков Екатерина Алексеевич,+7 (905) 128-74-58,Чиллер,Trane 30XA,Не работает обогрев,Не работает вентиляция,waiting_parts,operator5,specialist4,
R-20250708-8722,2025-07-08 23:46:09,Новиков Ольга Алексеевна,+7 (926) 659-40-52,Тепловой насос,Daikin Altherma,Течет вода,Не работает пульт,completed,operator3,,2025-07-14 00:46:09
R-20250714-5719,2025-07-14 11:22:09,Морозов Александр Ивановна,+7 (916) 113-71-88,Чиллер,Trane YCIV,Не работает обогрев,,waiting_parts,operator,specialist7,
R-20250905-6633,2025-09-05 01:28:09,Петрова Иван Андреевич,+7 (929) 717-49-74,Вентиляция,Systemair 3000,Издает странные звуки,,in_repair,operator2,,
R-20251118-2107,2025-11-18 22:16:09,Соколов Екатерина Сергеевич,+7 (999) 727-78-83,Обогреватель,Timberk TCH,Не отображается температура,Не работает дисплей,open,operator,specialist,
R-20250717-1518,2025-07-17 21:39:09,Петров Андрей Владимировна,+7 (999) 877-55-94,Тепловой насос,LG Altherma,Плохо греет,,waiting_parts,operator4,,
R-20251213-6913,2025-12-13 22:09:09,Кузнецов Татьяна Андреевна,+7 (929) 831-23-26,Увлажнитель,Venta W200,Не включается вообще,Выбивает автомат,waiting_parts,operator,specialist10,
R-20250727-3932,2025-07-27 11:14:09,Петров Владимир Дмитриевич,+7 (916) 267-85-14,Кондиционер,LG FTXB,Не работает дистанционное управление,Замерзает блок,completed,operator4,,2025-08-10 13:14:09
R-20251121-8177,2025-11-21 03:04:09,Новикова Николай Андреевна,+7 (905) 126-58-83,Тепловой насос,Mitsubishi Altherma,Шумит при работе,Не работает вентиляция,completed,operator5,,2025-12-17 05:04:09
R-20250702-8437,2025-07-02 23:54:09,Морозов Алексей Петровна,+7 (999) 692-96-58,Чиллер,Trane 30XA,Не включается вообще,Не работает вентиляция,completed,operator2,specialist2,2025-07-10 02:54:09
R-20250620-9307,2025-06-20 03:45:09,Морозова Юлия Михайлович,+7 (925) 864-59-82,Фанкойл,York 40RM,Не работает пульт управления,Искрит,completed,operator4,,2025-06-25 04:45:09
R-20250627-6778,2025-06-27 05:40:09,Попова Михаил Сергеевич,+7 (916) 166-73-97,Увлажнитель,Boneco W200,Не отображается температура,Выбивает автомат,waiting_parts,operator4,specialist,
R-20250823-4226,2025-08-23 06:03:09,Попова Михаил Сергеевич,+7 (916) 166-73-97,Увлажнитель,Venta W200,Не отображается температура,Протечка,waiting_parts,operator,,
R-20250828-2035,2025-08-28 10:31:09,Попова Ирина Владимирович,+7 (916) 966-93-34,Увлажнитель,Stadler W200,Вибрация при включении,Запах гари,completed,operator2,,2025-09-10 16:31:09
R-20251004-8747,2025-10-04 11:52:09,Смирнов Наталья Дмитриевна,+7 (905) 398-25-55,Чиллер,York YCIV,Течет фреон,Другое,open,operator3,,
R-20251027-2085,2025-10-27 07:30:09,Петрова Татьяна Петровна,+7 (905) 681-67-91,Осушитель,Master BD,Течет фреон,Искрит,open,operator1,specialist5,
R-20251212-0929,2025-12-12 12:11:09,Морозова Дмитрий Алексеевна,+7 (905) 298-83-88,Тепловой насос,Mitsubishi Zubadan,Не включается после включения в сеть,Замерзает блок,completed,operator4,specialist10,2025-12-26 14:11:09
R-20251213-9857,2025-12-13 13:27:09,Лебедев Светлана Александрович,+7 (905) 759-88-68,Тепловой насос,Daikin Zubadan,Искрит при включении,Не работает дисплей,completed,operator5,specialist8,2026-01-08 18:27:09
R-20250624-9591,2025-06-24 05:32:09,Кузнецов Андрей Владимирович,+7 (929) 908-15-27,Тепловой насос,Daikin Altherma,Не работает пульт управления,Запах гари,in_repair,operator1,,
R-20251127-1592,2025-11-27 01:24:09,Козлов Михаил Сергеевич,+7 (926) 634-47-58,Обогреватель,Electrolux BEC,Не работает пульт управления,Не греет,in_repair,operator,specialist3,
R-20250707-4090,2025-07-07 08:39:09,Петров Елена Александровна,+7 (905) 106-32-57,Осушитель,Master DH,Издает странные звуки,Протечка,completed,operator2,,2025-07-30 15:39:09
R-20251008-7295,2025-10-08 03:28:09,Новикова Сергей Иванович,+7 (903) 250-19-85,Осушитель,Trotec BD,Плохо охлаждает,Не работает дисплей,in_repair,operator,specialist,
R-20250904-6951,2025-09-04 05:13:09,Сидоров Екатерина Сергеевна,+7 (905) 246-16-79,Кондиционер,Mitsubishi FTXB,Не работает пульт управления,Другое,open,operator,specialist9,
R-20251124-9810,2025-11-24 00:50:09,Соколова Екатерина Петрович,+7 (926) 138-41-14,Осушитель,Trotec DH,Не отображается температура,Выбивает автомат,open,operator,specialist7,
R-20250805-0777,2025-08-05 13:31:09,Иванов Андрей Алексеевич,+7 (929) 290-65-30,Вентиляция,Systemair 3000,Не работает таймер,Течет фреон,open,operator,specialist2,
R-20250915-8485,2025-09-15 18:16:09,Морозова Петр Иванович,+7 (903) 350-75-19,Тепловой насос,Daikin Altherma,Запах гари,Не включается,completed,operator,,2025-09-29 23:16:09
R-20251121-8892,2025-11-21 06:47:09,Попов Александр Ивановна,+7 (926) 999-69-27,Чиллер,Carrier YCIV,Шумит при работе,Не охлаждает,in_repair,operator1,,
R-20250922-1385,2025-09-22 12:31:09,Попова Наталья Ивановна,+7 (905) 826-72-94,Увлажнитель,Venta W200,Выбивает автомат при включении,Не работает дисплей,in_repair,operator,specialist9,
R-20250805-9595,2025-08-05 01:13:09,Смирнов Светлана Иванович,+7 (926) 590-40-62,Осушитель,Master BD,Не переключается режим,Протечка,in_repair,operator2,specialist,
R-20251013-1468,2025-10-13 23:10:09,Козлов Владимир Михайловна,+7 (929) 977-35-68,Обогреватель,Timberk TCH,Искрит при включении,,open,operator,specialist,
R-20250917-7523,2025-09-17 02:49:09,Новикова Юлия Михайлович,+7 (905) 183-55-94,Чиллер,Trane 30XA,Течет фреон,,in_repair,operator3,,
R-20250626-1313,2025-06-26 17:39:09,Морозова Елена Сергеевич,+7 (999) 882-12-20,Тепловой насос,Mitsubishi Altherma,Шумит при работе,Замерзает блок,in_repair,operator4,specialist8,
R-20250624-6719,2025-06-24 20:45:09,Петрова Иван Андреевич,+7 (929) 717-49-74,Обогреватель,Timberk BEC,Не работает обогрев,Запах гари,completed,operator1,specialist9,2025-07-09 01:45:09
R-20251123-9569,2025-11-23 12:46:09,Морозова Дмитрий Алексеевна,+7 (905) 298-83-88,Обогреватель,Electrolux BEC,Искрит при включении,Течет фреон,open,operator1,,
R-20251019-1624,2025-10-19 07:17:09,Соколова Владимир Андреевич,+7 (903) 394-36-59,Тепловой насос,LG Zubadan,Не работает вентиляция,Другое,completed,operator1,,2025-11-14 11:17:09
R-20250627-5220,2025-06-27 14:31:09,Новикова Татьяна Михайловна,+7 (999) 724-60-35,Осушитель,Master DH,Течет вода,Течет фреон,waiting_parts,operator3,specialist1,
R-20251202-7248,2025-12-02 22:36:09,Кузнецова Мария Петровна,+7 (903) 782-24-40,Чиллер,Trane 30XA,Не включается вообще,Не включается,completed,operator2,specialist7,2025-12-04 23:36:09
R-20251025-9950,2025-10-25 00:06:09,Смирнов Петр Сергеевич,+7 (929) 419-28-93,Обогреватель,Electrolux BEC,Замерзает внутренний блок,Не работает вентиляция,in_repair,operator4,specialist7,
R-20250829-9540,2025-08-29 12:49:09,Новикова Юлия Михайлович,+7 (905) 183-55-94,Вентиляция,Vents 2000,Течет вода,Не работает дисплей,completed,operator3,specialist4,2025-08-31 15:49:09
R-20250624-5783,2025-06-24 14:26:09,Иванов Мария Николаевна,+7 (925) 163-63-72,Кондиционер,Mitsubishi FTXB,Не работает обогрев,Не работает вентиляция,waiting_parts,operator5,specialist5,
R-20250726-0249,2025-07-26 09:12:09,Морозов Ольга Сергеевич,+7 (916) 158-27-77,Обогреватель,Ballu TCH,Не работает пульт управления,Течет фреон,in_repair,operator1,specialist7,
R-20251002-9832,2025-10-02 17:28:09,Соколов Александр Николаевич,+7 (929) 647-30-88,Вентиляция,Vents 3000,Не переключается режим,Запах гари,completed,operator4,specialist10,2025-10-28 18:28:09
R-20251016-9648,2025-10-16 07:33:09,Соколов Екатерина Сергеевич,+7 (999) 727-78-83,Фанкойл,Carrier 40RM,Выбивает автомат при включении,,completed,operator1,specialist1,2025-11-13 15:33:09
R-20250728-7811,2025-07-28 06:04:09,Кузнецов Андрей Владимирович,+7 (929) 908-15-27,Кондиционер,LG FTXB,Не отображается температура,Не греет,completed,operator,specialist8,2025-08-15 09:04:09
R-20250916-7837,2025-09-16 05:51:09,Новиков Екатерина Алексеевич,+7 (905) 128-74-58,Кондиционер,Daikin FTXB,Плохо охлаждает,Не работает дисплей,in_repair,operator3,,
R-20251013-3958,2025-10-13 03:24:09,Морозова Юлия Михайлович,+7 (925) 864-59-82,Чиллер,York YCIV,Течет фреон,Не работает пульт,in_repair,operator2,specialist10,
R-20250907-3100,2025-09-07 11:08:09,Козлов Владимир Михайловна,+7 (929) 977-35-68,Увлажнитель,Boneco LW25,Замерзает внутренний блок,Протечка,completed,operator1,specialist5,2025-09-19 15:08:09
R-20251018-5123,2025-10-18 09:59:09,Попов Александр Ивановна,+7 (926) 999-69-27,Кондиционер,LG FTXB,Плохо охлаждает,,waiting_parts,operator2,specialist7,
R-20251019-4775,2025-10-19 11:07:09,Смирнов Андрей Михайлович,+7 (926) 445-28-67,Чиллер,Trane YCIV,Плохо охлаждает,Течет фреон,completed,operator4,specialist9,2025-10-26 18:07:09
R-20250620-9625,2025-06-20 06:11:09,Попов Екатерина Сергеевна,+7 (903) 708-74-52,Фанкойл,York 42MV,Запах гари,Выбивает автомат,in_repair,operator1,specialist7,
R-20251031-8731,2025-10-31 06:40:09,Кузнецов Андрей Александрович,+7 (916) 624-45-35,Чиллер,Carrier 30XA,Замерзает внутренний блок,Выбивает автомат,in_repair,operator,,
R-20250702-4595,2025-07-02 05:16:09,Сидоров Петр Алексеевна,+7 (905) 869-92-25,Чиллер,Trane 30XA,Не включается вообще,Не работает дисплей,in_repair,operator,specialist4,
R-20250727-5250,2025-07-27 04:38:09,Петрова Татьяна Петровна,+7 (905) 681-67-91,Вентиляция,Systemair 3000,Не работает пульт управления,Выбивает автомат,waiting_parts,operator,specialist10,
R-20250813-8059,2025-08-13 08:57:09,Новиков Екатерина Алексеевич,+7 (905) 128-74-58,Увлажнитель,Venta W200,Течет фреон,Шум/вибрация,waiting_parts,operator5,specialist8,
R-20250908-0299,2025-09-08 01:39:09,Лебедева Михаил Дмитриевна,+7 (903) 709-46-98,Вентиляция,Systemair 3000,Не работает обогрев,Не греет,waiting_parts,operator2,,
R-20250812-9859,2025-08-12 23:43:09,Петров Андрей Владимировна,+7 (999) 877-55-94,Обогреватель,Ballu TCH,Не включается после включения в сеть,Не охлаждает,open,operator,specialist5,
R-20250816-6863,2025-08-16 03:33:09,Петров Екатерина Сергеевич,+7 (905) 841-78-77,Осушитель,Ballu DH,Не работает вентиляция,Искрит,in_repair,operator3,,
R-20251124-0594,2025-11-24 07:56:09,Новиков Елена Петровна,+7 (929) 636-91-34,Чиллер,Carrier YCIV,Вибрация при включении,Другое,waiting_parts,operator,,
R-20251022-6197,2025-10-22 02:18:09,Лебедева Анна Сергеевич,+7 (905) 435-25-34,Чиллер,Trane YCIV,Не работает таймер,Шум/вибрация,completed,operator3,specialist,2025-11-17 04:18:09
R-20251018-9549,2025-10-18 15:40:09,Кузнецов Андрей Владимирович,+7 (929) 908-15-27,Вентиляция,VentPro 2000,Искрит при включении,Другое,open,operator1,specialist2,
R-20251009-5141,2025-10-09 06:25:09,Соколова Иван Дмитриевна,+7 (999) 768-18-93,Фанкойл,Daikin 40RM,Шумит при работе,Не работает вентиляция,completed,operator2,specialist6,2025-10-28 14:25:09
R-20250829-6229,2025-08-29 08:33:09,Смирнов Дмитрий Сергеевич,+7 (926) 685-64-99,Чиллер,Carrier YCIV,Не включается после включения в сеть,Выбивает автомат,completed,operator1,,2025-09-19 15:33:09
R-20251024-8151,2025-10-24 14:01:09,Морозов Ольга Сергеевич,+7 (916) 158-27-77,Фанкойл,Daikin 40RM,Издает странные звуки,Не включается,completed,operator,,2025-11-19 15:01:09
R-20251001-8310,2025-10-01 20:55:09,Морозова Петр Алексеевич,+7 (916) 991-78-78,Кондиционер,LG S12EQ,Выбивает автомат при включении,Не работает вентиляция,in_repair,operator,specialist10,
R-20250703-4032,2025-07-03 19:59:09,Соколов Александр Николаевич,+7 (929) 647-30-88,Обогреватель,Electrolux BEC,Искрит при включении,Искрит,waiting_parts,operator2,specialist1,
R-20251202-4949,2025-12-02 04:01:09,Попов Ирина Александровна,+7 (916) 236-59-19,Увлажнитель,Stadler LW25,Не включается после включения в сеть,Искрит,in_repair,operator,specialist5,
R-20251211-2143,2025-12-11 23:03:09,Лебедев Юлия Ивановна,+7 (916) 770-58-62,Увлажнитель,Boneco W200,Издает странные звуки,Выбивает автомат,completed,operator1,specialist1,2026-01-03 06:03:09
R-20250828-8639,2025-08-28 15:11:09,Смирнова Иван Петрович,+7 (926) 452-70-64,Осушитель,Ballu BD,Издает странные звуки,Не охлаждает,waiting_parts,operator,specialist8,
R-20251031-6681,2025-10-31 16:11:09,Кузнецов Иван Дмитриевна,+7 (926) 718-70-98,Чиллер,Trane 30XA,Плохо охлаждает,Не греет,open,operator3,specialist4,
R-20250825-1895,2025-08-25 22:37:09,Соколов Александр Николаевич,+7 (929) 647-30-88,Увлажнитель,Venta W200,Шумит при работе,Искрит,waiting_parts,operator3,specialist,
R-20251102-2396,2025-11-02 18:48:09,Новикова Николай Николаевич,+7 (916) 658-20-44,Обогреватель,Ballu TCH,Запах гари,Протечка,waiting_parts,operator1,specialist7,
R-20251024-1022,2025-10-24 01:08:09,Морозова Юлия Михайлович,+7 (925) 864-59-82,Увлажнитель,Stadler W200,Не работает пульт управления,Не работает дисплей,waiting_parts,operator2,,
R-20250712-5966,2025-07-12 20:33:09,Новикова Юлия Михайлович,+7 (905) 183-55-94,Чиллер,Carrier YCIV,Запах гари,Не включается,in_repair,operator4,specialist3,
R-20250731-8298,2025-07-31 10:57:09,Попова Елена Николаевна,+7 (916) 626-76-68,Вентиляция,Vents 2000,Запах гари,Течет фреон,waiting_parts,operator,specialist5,
R-20251203-4495,2025-12-03 20:11:09,Петров Андрей Владимировна,+7 (999) 877-55-94,Кондиционер,Daikin FTXB,Запах гари,Выбивает автомат,completed,operator3,specialist4,2025-12-05 04:11:09
R-20251012-4944,2025-10-12 21:48:09,Петрова Иван Андреевич,+7 (929) 717-49-74,Фанкойл,Daikin 42MV,Не переключается режим,Другое,waiting_parts,operator1,,
R-20250722-8568,2025-07-22 02:58:09,Новиков Андрей Сергеевна,+7 (999) 238-21-64,Фанкойл,Carrier 40RM,Не включается после включения в сеть,Выбивает автомат,open,operator5,,
R-20250830-9470,2025-08-30 12:43:09,Козлов Юлия Андреевна,+7 (929) 436-37-97,Вентиляция,VentPro 2000,Не работает таймер,Не работает пульт,completed,operator3,specialist8,2025-09-25 18:43:09
R-20251003-1689,2025-10-03 03:58:09,Кузнецов Андрей Владимирович,+7 (929) 908-15-27,Увлажнитель,Boneco LW25,Не отображается температура,Другое,waiting_parts,operator5,specialist5,
R-20250705-6791,2025-07-05 16:59:09,Сидоров Петр Алексеевна,+7 (905) 869-92-25,Вентиляция,Systemair 2000,Не переключается режим,Искрит,waiting_parts,operator,specialist4,
R-20251006-9518,2025-10-06 06:55:09,Смирнова Иван Петрович,+7 (926) 452-70-64,Чиллер,Carrier 30XA,Запах гари,Замерзает блок,waiting_parts,operator1,specialist10,
R-20250812-7367,2025-08-12 18:39:09,Морозов Алексей Петровна,+7 (999) 692-96-58,Осушитель,Trotec BD,Течет вода,Не работает пульт,in_repair,operator4,specialist10,
R-20250903-2727,2025-09-03 19:38:09,Козлов Ольга Александровна,+7 (925) 180-73-40,Чиллер,Carrier YCIV,Замерзает внутренний блок,,completed,operator4,specialist2,2025-10-01 22:38:09
R-20250917-1922,2025-09-17 01:12:09,Козлова Ольга Михайлович,+7 (926) 256-74-48,Осушитель,Trotec BD,Течет фреон,Замерзает блок,open,operator1,specialist8,
R-20250803-8866,2025-08-03 07:00:09,Козлов Юлия Андреевна,+7 (929) 436-37-97,Кондиционер,Mitsubishi FTXB,Шумит при работе,Не работает дисплей,open,operator3,specialist,
R-20250630-6878,2025-06-30 12:45:09,Попова Наталья Андреевич,+7 (905) 782-65-30,Фанкойл,Daikin 40RM,Замерзает внутренний блок,Не охлаждает,waiting_parts,operator5,,
R-20250910-5879,2025-09-10 21:01:09,Морозова Юлия Михайлович,+7 (925) 864-59-82,Фанкойл,Daikin 42MV,Не включается вообще,Не включается,open,operator3,specialist3,
R-20250903-7389,2025-09-03 18:47:09,Смирнова Иван Петрович,+7 (926) 452-70-64,Тепловой насос,Daikin Altherma,Запах гари,Не работает вентиляция,completed,operator2,specialist10,2025-09-06 19:47:09
R-20250729-7513,2025-07-29 14:23:09,Петров Владимир Алексеевна,+7 (905) 255-72-83,Чиллер,York YCIV,Не работает дистанционное управление,Шум/вибрация,in_repair,operator1,specialist5,
R-20250825-9828,2025-08-25 16:43:09,Петрова Иван Андреевич,+7 (929) 717-49-74,Фанкойл,Daikin 42MV,Не работает дистанционное управление,Выбивает автомат,open,operator1,,
R-20250728-5961,2025-07-28 16:49:09,Лебедев Владимир Александровна,+7 (916) 440-31-81,Чиллер,Carrier 30XA,Издает странные звуки,Выбивает автомат,completed,operator1,specialist4,2025-08-23 00:49:09
R-20250713-7391,2025-07-13 21:45:09,Морозов Александр Ивановна,+7 (916) 113-71-88,Тепловой насос,Daikin Zubadan,Не включается вообще,Другое,waiting_parts,operator1,specialist5,
R-20251025-9986,2025-10-25 15:11:09,Кузнецов Андрей Андреевич,+7 (905) 572-86-22,Вентиляция,VentPro 3000,Не работает вентиляция,Не работает дисплей,open,operator,,
R-20251216-2284,2025-12-16 21:45:09,Новикова Андрей Андреевна,+7 (903) 654-54-91,Чиллер,York YCIV,Не переключается режим,Не греет,open,operator5,specialist2,
R-20250916-8625,2025-09-16 05:15:09,Соколов Александр Петрович,+7 (999) 632-69-19,Кондиционер,LG FTXB,Не работает таймер,Искрит,waiting_parts,operator1,specialist3,
R-20251216-3241,2025-12-16 09:33:09,Новиков Алексей Михайлович,+7 (925) 317-92-40,Кондиционер,Mitsubishi S12EQ,Выбивает автомат при включении,Не работает дисплей,completed,operator5,specialist4,2025-12-21 16:33:09
R-20250719-0442,2025-07-19 02:23:09,Новиков Ольга Алексеевна,+7 (926) 659-40-52,Осушитель,Master BD,Издает странные звуки,Выбивает автомат,completed,operator5,,2025-08-05 05:23:09
R-20250808-7684,2025-08-08 09:56:09,Иванов Сергей Владимировна,+7 (926) 593-35-80,Фанкойл,York 42MV,Не работает вентиляция,Другое,waiting_parts,operator4,,
R-20251015-2274,2025-10-15 02:52:09,Кузнецов Андрей Андреевич,+7 (905) 572-86-22,Осушитель,Ballu DH,Не включается после включения в сеть,Шум/вибрация,open,operator4,specialist,
R-20251029-5307,2025-10-29 05:38:09,Соколова Наталья Дмитриевна,+7 (925) 728-23-61,Осушитель,Master DH,Не переключается режим,Не работает дисплей,completed,operator1,,2025-11-17 06:38:09
R-20250811-2162,2025-08-11 05:05:09,Попова Ирина Владимирович,+7 (916) 966-93-34,Увлажнитель,Venta LW25,Запах гари,,in_repair,operator1,specialist9,
R-20251119-6220,2025-11-19 23:05:09,Смирнова Иван Петрович,+7 (926) 452-70-64,Вентиляция,VentPro 3000,Не работает таймер,Другое,open,operator3,specialist4,
R-20251010-5736,2025-10-10 07:10:09,Петров Владимир Алексеевна,+7 (905) 255-72-83,Вентиляция,Vents 2000,Плохо охлаждает,Не работает вентиляция,completed,operator2,specialist8,2025-10-26 13:10:09
R-20250917-6690,2025-09-17 22:50:09,Морозова Юлия Михайлович,+7 (925) 864-59-82,Увлажнитель,Boneco LW25,Шумит при работе,Не включается,completed,operator4,specialist10,2025-10-13 02:50:09
R-20250831-7156,2025-08-31 02:49:09,Иванов Дмитрий Александровна,+7 (926) 415-52-10,Чиллер,Carrier YCIV,Течет фреон,Не работает вентиляция,completed,operator5,,2025-09-09 07:49:09
R-20250717-7978,2025-07-17 21:22:09,Новиков Александр Михайловна,+7 (926) 787-73-57,Кондиционер,Mitsubishi FTXB,Не работает обогрев,Шум/вибрация,waiting_parts,operator3,specialist,
R-20250726-1510,2025-07-26 13:41:09,Соколова Ирина Ивановна,+7 (905) 520-30-47,Увлажнитель,Stadler W200,Запах гари,Выбивает автомат,open,operator,specialist8,
R-20251119-6886,2025-11-19 01:51:09,Соколов Александр Алексеевна,+7 (926) 960-19-25,Обогреватель,Ballu TCH,Не включается после включения в сеть,Не работает вентиляция,waiting_parts,operator5,specialist2,
R-20250808-7020,2025-08-08 20:17:09,Козлов Мария Иванович,+7 (926) 457-85-71,Тепловой насос,Mitsubishi Altherma,Не работает обогрев,Не работает дисплей,in_repair,operator3,,
R-20251101-2471,2025-11-01 20:33:09,Иванов Михаил Дмитриевич,+7 (929) 148-11-50,Вентиляция,VentPro 2000,Течет вода,Не включается,in_repair,operator4,specialist9,
R-20251020-4778,2025-10-20 01:48:09,Петров Екатерина Сергеевич,+7 (905) 841-78-77,Чиллер,Carrier 30XA,Не работает вентиляция,Замерзает блок,completed,operator5,specialist9,2025-11-17 07:48:09
R-20250802-7023,2025-08-02 08:28:09,Новикова Сергей Иванович,+7 (903) 250-19-85,Тепловой насос,LG Zubadan,Плохо греет,Не работает пульт,open,operator2,,
R-20250809-2465,2025-08-09 07:29:09,Попова Ирина Владимирович,+7 (916) 966-93-34,Фанкойл,Daikin 40RM,Запах гари,Не работает пульт,waiting_parts,operator3,specialist3,
R-20250630-3772,2025-06-30 23:02:09,Лебедева Анна Сергеевич,+7 (905) 435-25-34,Увлажнитель,Stadler W200,Течет вода,,completed,operator2,specialist,2025-07-03 06:02:09
R-20250711-2636,2025-07-11 13:11:09,Кузнецов Андрей Александрович,+7 (926) 456-30-19,Кондиционер,Mitsubishi FTXB,Не включается после включения в сеть,Искрит,completed,operator4,specialist,2025-07-18 19:11:09
R-20251006-3768,2025-10-06 09:45:09,Козлов Юлия Андреевна,+7 (929) 436-37-97,Осушитель,Master DH,Не включается вообще,Замерзает блок,completed,operator1,specialist2,2025-10-26 11:45:09
R-20250915-1674,2025-09-15 05:02:09,Смирнов Дмитрий Сергеевич,+7 (926) 685-64-99,Увлажнитель,Stadler W200,Плохо греет,Выбивает автомат,open,operator4,specialist3,
R-20251205-3013,2025-12-05 02:01:09,Соколов Александр Алексеевна,+7 (926) 960-19-25,Вентиляция,Systemair 2000,Вибрация при включении,Не включается,open,operator1,,
R-20251005-5290,2025-10-05 19:32:09,Попов Екатерина Сергеевна,+7 (903) 708-74-52,Фанкойл,York 42MV,Выбивает автомат при включении,Замерзает блок,completed,operator3,specialist5,2025-10-19 22:32:09
R-20250907-1851,2025-09-07 20:47:09,Козлов Юлия Андреевна,+7 (929) 436-37-97,Тепловой насос,Mitsubishi Zubadan,Не работает дистанционное управление,Выбивает автомат,completed,operator2,specialist7,2025-09-26 03:47:09
R-20250823-3266,2025-08-23 14:18:09,Попов Анна Алексеевна,+7 (905) 873-83-67,Увлажнитель,Stadler W200,Течет вода,Выбивает автомат,waiting_parts,operator2,specialist7,
R-20250720-8918,2025-07-20 13:20:09,Смирнова Дмитрий Алексеевич,+7 (926) 714-25-11,Чиллер,Carrier 30XA,Замерзает внутренний блок,Искрит,in_repair,operator,,
R-20250903-0722,2025-09-03 18:55:09,Кузнецов Андрей Владимирович,+7 (929) 908-15-27,Осушитель,Trotec DH,Не работает обогрев,Не работает дисплей,completed,operator5,specialist6,2025-09-28 21:55:09
R-20250927-7193,2025-09-27 00:01:09,Иванов Дмитрий Александровна,+7 (926) 415-52-10,Осушитель,Ballu DH,Шумит при работе,Шум/вибрация,completed,operator4,specialist9,2025-10-14 05:01:09
R-20250722-0150,2025-07-22 18:31:09,Попов Александр Ивановна,+7 (926) 999-69-27,Тепловой насос,LG Altherma,Шумит при работе,Выбивает автомат,in_repair,operator4,,
R-20251114-2273,2025-11-14 20:34:09,Козлов Юлия Петрович,+7 (903) 915-53-57,Увлажнитель,Boneco LW25,Не включается после включения в сеть,Не работает пульт,in_repair,operator4,specialist8,
R-20251107-0962,2025-11-07 04:26:09,Кузнецов Андрей Владимирович,+7 (929) 908-15-27,Увлажнитель,Boneco W200,Замерзает внутренний блок,,completed,operator2,specialist10,2025-12-03 08:26:09
R-20250728-8593,2025-07-28 11:29:09,Морозова Юлия Михайлович,+7 (925) 864-59-82,Тепловой насос,LG Zubadan,Не переключается режим,Не греет,in_repair,operator2,specialist5,
R-20250802-3358,2025-08-02 19:50:09,Попова Мария Николаевич,+7 (903) 774-19-45,Тепловой насос,Daikin Altherma,Течет фреон,Не охлаждает,completed,operator1,specialist1,2025-08-16 03:50:09
R-20250918-0205,2025-09-18 11:26:09,Смирнов Дмитрий Сергеевич,+7 (926) 685-64-99,Кондиционер,LG S12EQ,Течет фреон,Не работает дисплей,waiting_parts,operator5,,
R-20251206-1892,2025-12-06 03:48:09,Соколов Екатерина Сергеевич,+7 (999) 727-78-83,Кондиционер,Mitsubishi S12EQ,Издает странные звуки,Искрит,completed,operator3,specialist7,2025-12-10 07:48:09
R-20250922-5031,2025-09-22 22:31:09,Козлов Владимир Михайловна,+7 (929) 977-35-68,Вентиляция,Systemair 2000,Плохо греет,Искрит,completed,operator2,specialist9,2025-10-04 05:31:09
R-20250831-1549,2025-08-31 18:31:09,Кузнецов Андрей Андреевич,+7 (905) 572-86-22,Вентиляция,Systemair 2000,Издает странные звуки,Замерзает блок,open,operator5,specialist6,
R-20250918-1390,2025-09-18 12:09:09,Попова Мария Николаевич,+7 (903) 774-19-45,Кондиционер,LG FTXB,Не работает обогрев,Выбивает автомат,completed,operator1,specialist10,2025-10-01 19:09:09
R-20251215-1485,2025-12-15 07:07:09,Иванов Мария Николаевна,+7 (925) 163-63-72,Осушитель,Trotec DH,Не включается вообще,Запах гари,completed,operator,specialist9,2025-12-26 13:07:09
R-20250809-6206,2025-08-09 19:17:09,Попова Мария Николаевич,+7 (903) 774-19-45,Чиллер,Carrier 30XA,Плохо охлаждает,Течет фреон,completed,operator,specialist10,2025-08-27 02:17:09
R-20251012-6677,2025-10-12 20:30:09,Попов Екатерина Сергеевна,+7 (903) 708-74-52,Фанкойл,Daikin 40RM,Течет фреон,Протечка,completed,operator1,,2025-10-21 21:30:09
R-20251012-2433,2025-10-12 21:44:09,Иванов Дмитрий Александровна,+7 (926) 415-52-10,Фанкойл,Daikin 40RM,Издает странные звуки,Не охлаждает,open,operator3,specialist4,
R-20250807-5559,2025-08-07 01:54:09,Соколов Александр Алексеевна,+7 (926) 960-19-25,Увлажнитель,Boneco LW25,Не работает вентиляция,Не охлаждает,completed,operator,specialist10,2025-08-26 02:54:09
R-20251003-1475,2025-10-03 13:36:09,Козлова Николай Алексеевна,+7 (929) 976-80-63,Тепловой насос,Mitsubishi Zubadan,Замерзает внутренний блок,Шум/вибрация,in_repair,operator2,specialist10,
R-20250901-1149,2025-09-01 08:21:09,Смирнов Наталья Дмитриевна,+7 (905) 398-25-55,Чиллер,Trane YCIV,Плохо охлаждает,Не работает пульт,open,operator1,specialist5,
R-20250906-3430,2025-09-06 01:08:09,Смирнов Дмитрий Сергеевич,+7 (926) 685-64-99,Увлажнитель,Stadler LW25,Вибрация при включении,Не работает вентиляция,completed,operator2,,2025-10-01 03:08:09
R-20251018-7008,2025-10-18 05:32:09,Иванов Михаил Дмитриевич,+7 (929) 148-11-50,Обогреватель,Electrolux TCH,Замерзает внутренний блок,Другое,in_repair,operator,,
R-20250702-9806,2025-07-02 14:05:09,Морозов Ольга Сергеевич,+7 (916) 158-27-77,Увлажнитель,Boneco LW25,Издает странные звуки,Замерзает блок,in_repair,operator2,,
R-20250822-3215,2025-08-22 03:18:09,Петров Елена Александровна,+7 (905) 106-32-57,Чиллер,York YCIV,Плохо греет,Не охлаждает,waiting_parts,operator,specialist9,
R-20250813-2610,2025-08-13 23:37:09,Козлова Михаил Николаевич,+7 (916) 400-78-41,Чиллер,Carrier YCIV,Запах гари,,open,operator5,specialist9,
R-20250819-7162,2025-08-19 09:37:09,Попова Наталья Андреевич,+7 (905) 782-65-30,Чиллер,Trane 30XA,Шумит при работе,Шум/вибрация,completed,operator2,specialist8,2025-09-07 16:37:09
R-20251104-4850,2025-11-04 19:26:09,Морозова Юлия Михайлович,+7 (925) 864-59-82,Кондиционер,LG S12EQ,Не работает обогрев,Не охлаждает,completed,operator,,2025-11-09 03:26:09
R-20251117-7056,2025-11-17 10:37:09,Козлов Александр Андреевна,+7 (903) 826-74-32,Кондиционер,Daikin S12EQ,Не переключается режим,Не греет,waiting_parts,operator3,specialist3,
R-20250717-5819,2025-07-17 09:08:09,Козлов Александр Андреевна,+7 (903) 826-74-32,Увлажнитель,Boneco LW25,Не переключается режим,,waiting_parts,operator3,,
R-20250710-7225,2025-07-10 08:51:09,Иванов Сергей Владимировна,+7 (926) 593-35-80,Кондиционер,LG S12EQ,Выбивает автомат при включении,Замерзает блок,completed,operator,specialist5,2025-07-22 13:51:09
R-20251217-8207,2025-12-17 03:55:09,Козлова Ольга Михайлович,+7 (926) 256-74-48,Фанкойл,Daikin 40RM,Выбивает автомат при включении,Другое,completed,operator3,specialist9,2025-12-27 05:55:09
R-20251009-7383,2025-10-09 18:46:09,Петров Владимир Алексеевна,+7 (905) 255-72-83,Увлажнитель,Boneco W200,Течет фреон,Запах гари,open,operator5,specialist2,
R-20250920-7463,2025-09-20 06:39:09,Попов Михаил Андреевна,+7 (905) 644-59-84,Чиллер,Carrier YCIV,Запах гари,Не работает пульт,in_repair,operator5,specialist5,
R-20250728-4654,2025-07-28 17:42:09,Попова Ирина Владимирович,+7 (916) 966-93-34,Кондиционер,Mitsubishi S12EQ,Течет вода,Замерзает блок,in_repair,operator,,
R-20251127-0228,2025-11-27 16:52:09,Новиков Екатерина Алексеевич,+7 (905) 128-74-58,Фанкойл,Carrier 42MV,Не отображается температура,Протечка,completed,operator,specialist2,2025-12-03 22:52:09
R-20250827-5615,2025-08-27 19:09:09,Попов Ирина Александровна,+7 (916) 236-59-19,Вентиляция,VentPro 3000,Запах гари,Шум/вибрация,open,operator3,specialist3,
R-20250927-9813,2025-09-27 10:51:09,Соколова Наталья Дмитриевна,+7 (925) 728-23-61,Увлажнитель,Boneco W200,Течет вода,Не греет,completed,operator2,specialist10,2025-10-09 13:51:09
R-20250831-2944,2025-08-31 12:30:09,Новиков Елена Петровна,+7 (929) 636-91-34,Увлажнитель,Venta W200,Шумит при работе,Шум/вибрация,open,operator,specialist,
R-20251020-0482,2025-10-20 17:19:09,Петров Сергей Дмитриевич,+7 (905) 614-91-70,Осушитель,Trotec DH,Издает странные звуки,Замерзает блок,open,operator2,,
R-20251101-8866,2025-11-01 15:40:09,Лебедев Юлия Ивановна,+7 (916) 770-58-62,Фанкойл,York 42MV,Течет вода,Не работает вентиляция,waiting_parts,operator5,specialist7,
R-20251022-8811,2025-10-22 13:43:09,Кузнецов Андрей Андреевич,+7 (905) 572-86-22,Обогреватель,Timberk BEC,Искрит при включении,Другое,in_repair,operator1,specialist6,
R-20250812-1941,2025-08-12 20:45:09,Петрова Иван Андреевич,+7 (929) 717-49-74,Кондиционер,Daikin S12EQ,Шумит при работе,Другое,waiting_parts,operator,specialist5,
R-20250708-9940,2025-07-08 06:53:09,Новикова Татьяна Михайловна,+7 (999) 724-60-35,Вентиляция,Systemair 2000,Вибрация при включении,Шум/вибрация,waiting_parts,operator4,specialist6,
R-20250819-6313,2025-08-19 19:05:09,Лебедева Михаил Дмитриевна,+7 (903) 709-46-98,Вентиляция,VentPro 3000,Шумит при работе,Выбивает автомат,open,operator1,specialist4,
R-20250719-6260,2025-07-19 18:43:09,Петров Владимир Алексеевна,+7 (905) 255-72-83,Увлажнитель,Stadler W200,Искрит при включении,Течет фреон,open,operator4,specialist2,
R-20250921-7000,2025-09-21 18:25:09,Новикова Андрей Андреевна,+7 (903) 654-54-91,Чиллер,Trane 30XA,Замерзает внутренний блок,Запах гари,waiting_parts,operator1,specialist9,
R-20250813-8783,2025-08-13 04:17:09,Иванов Мария Николаевна,+7 (925) 163-63-72,Чиллер,York YCIV,Не включается после включения в сеть,Не работает дисплей,waiting_parts,operator3,specialist9,
R-20250930-7273,2025-09-30 10:47:09,Козлов Мария Иванович,+7 (926) 457-85-71,Обогреватель,Ballu BEC,Искрит при включении,Не греет,waiting_parts,operator3,specialist2,
R-20250714-2622,2025-07-14 22:50:09,Кузнецов Андрей Андреевич,+7 (905) 572-86-22,Тепловой насос,LG Zubadan,Шумит при работе,Выбивает автомат,open,operator1,specialist4,
R-20251129-9252,2025-11-29 17:38:09,Петров Сергей Дмитриевич,+7 (905) 614-91-70,Осушитель,Ballu DH,Замерзает внутренний блок,Не работает вентиляция,completed,operator,specialist6,2025-12-29 23:38:09
R-20251108-2504,2025-11-08 14:11:09,Кузнецов Юлия Иванович,+7 (903) 752-77-58,Фанкойл,Daikin 40RM,Не работает таймер,Не охлаждает,in_repair,operator3,specialist5,
R-20250628-1032,2025-06-28 17:39:09,Попова Ирина Владимирович,+7 (916) 966-93-34,Обогреватель,Ballu BEC,Плохо греет,Замерзает блок,open,operator1,,
R-20250709-1205,2025-07-09 19:45:09,Кузнецова Мария Петровна,+7 (903) 782-24-40,Чиллер,York YCIV,Не работает дистанционное управление,Запах гари,in_repair,operator5,specialist9,
R-20251029-1971,2025-10-29 20:14:09,Новиков Андрей Сергеевна,+7 (999) 238-21-64,Обогреватель,Electrolux TCH,Выбивает автомат при включении,,waiting_parts,operator4,specialist3,
R-20250916-8058,2025-09-16 03:54:09,Иванов Дмитрий Александровна,+7 (926) 415-52-10,Вентиляция,Vents 3000,Вибрация при включении,Течет фреон,in_repair,operator,specialist4,
R-20251027-4587,2025-10-27 15:46:09,Лебедева Михаил Дмитриевна,+7 (903) 709-46-98,Тепловой насос,Daikin Zubadan,Вибрация при включении,Выбивает автомат,open,operator5,specialist5,
R-20250918-4542,2025-09-18 23:27:09,Козлова Ольга Михайлович,+7 (926) 256-74-48,Осушитель,Trotec DH,Не работает таймер,Другое,completed,operator2,,2025-09-30 00:27:09
R-20251007-8241,2025-10-07 00:59:09,Новикова Андрей Андреевна,+7 (903) 654-54-91,Вентиляция,Vents 3000,Не работает таймер,Не охлаждает,waiting_parts,operator2,specialist5,
R-20251201-4010,2025-12-01 04:36:09,Кузнецов Юлия Иванович,+7 (903) 752-77-58,Фанкойл,Carrier 40RM,Шумит при работе,Искрит,in_repair,operator2,specialist6,
R-20250809-3323,2025-08-09 04:10:09,Кузнецова Мария Петровна,+7 (903) 782-24-40,Увлажнитель,Boneco LW25,Искрит при включении,,completed,operator1,specialist9,2025-08-28 07:10:09
R-20250917-4510,2025-09-17 21:32:09,Петров Елена Александровна,+7 (905) 106-32-57,Осушитель,Master BD,Не включается вообще,Другое,waiting_parts,operator1,specialist1,
R-20250814-8176,2025-08-14 20:53:09,Козлов Ольга Александровна,+7 (925) 180-73-40,Кондиционер,LG FTXB,Издает странные звуки,Запах гари,open,operator3,specialist,
R-20251203-5899,2025-12-03 15:48:09,Козлова Ольга Михайлович,+7 (926) 256-74-48,Увлажнитель,Boneco W200,Шумит при работе,Не охлаждает,completed,operator4,specialist5,2025-12-16 20:48:09
R-20250622-6347,2025-06-22 16:28:09,Попова Михаил Сергеевич,+7 (916) 166-73-97,Вентиляция,Vents 3000,Течет вода,Другое,waiting_parts,operator3,,
R-20251118-9071,2025-11-18 18:39:09,Попов Ольга Михайловна,+7 (929) 473-78-92,Вентиляция,VentPro 2000,Не переключается режим,Течет фреон,waiting_parts,operator4,,
R-20250801-8405,2025-08-01 06:17:09,Сидоров Иван Александровна,+7 (925) 207-83-26,Вентиляция,Vents 3000,Не включается после включения в сеть,Искрит,open,operator1,specialist3,
R-20251016-6248,2025-10-16 07:39:09,Кузнецов Владимир Сергеевна,+7 (929) 196-63-67,Осушитель,Master BD,Течет вода,,waiting_parts,operator2,,
R-20250628-4456,2025-06-28 20:46:09,Смирнов Петр Сергеевич,+7 (929) 419-28-93,Обогреватель,Timberk TCH,Плохо греет,Не работает пульт,waiting_parts,operator5,specialist9,
R-20250826-6524,2025-08-26 16:20:09,Смирнов Светлана Иванович,+7 (926) 590-40-62,Увлажнитель,Venta LW25,Выбивает автомат при включении,Выбивает автомат,waiting_parts,operator3,specialist10,
R-20251205-6626,2025-12-05 21:22:09,Новикова Николай Николаевич,+7 (916) 658-20-44,Фанкойл,Daikin 42MV,Не работает дистанционное управление,Шум/вибрация,open,operator1,specialist1,
R-20250729-2933,2025-07-29 06:43:09,Кузнецова Мария Петровна,+7 (903) 782-24-40,Кондиционер,Mitsubishi S12EQ,Запах гари,Не включается,completed,operator5,specialist6,2025-08-20 08:43:09
R-20251204-8577,2025-12-04 08:28:09,Соколов Екатерина Сергеевич,+7 (999) 727-78-83,Вентиляция,VentPro 2000,Запах гари,Не включается,open,operator5,,
R-20251016-9068,2025-10-16 07:40:09,Морозова Петр Иванович,+7 (903) 350-75-19,Кондиционер,LG FTXB,Не работает вентиляция,Не работает вентиляция,completed,operator,specialist5,2025-10-27 13:40:09
R-20250801-6411,2025-08-01 06:45:09,Соколов Екатерина Сергеевич,+7 (999) 727-78-83,Вентиляция,Vents 3000,Издает странные звуки,Шум/вибрация,in_repair,operator3,specialist,
R-20250725-8050,2025-07-25 11:22:09,Морозова Дмитрий Алексеевна,+7 (905) 298-83-88,Обогреватель,Ballu TCH,Не работает дистанционное управление,Не работает дисплей,open,operator3,specialist1,
R-20250727-6776,2025-07-27 16:53:09,Попова Мария Николаевич,+7 (903) 774-19-45,Кондиционер,LG FTXB,Плохо охлаждает,,open,operator3,,
R-20250816-2675,2025-08-16 14:04:09,Новикова Николай Андреевна,+7 (905) 126-58-83,Чиллер,Trane YCIV,Плохо греет,Искрит,waiting_parts,operator5,specialist10,
R-20251124-8420,2025-11-24 11:48:09,Козлов Мария Иванович,+7 (926) 457-85-71,Увлажнитель,Boneco W200,Не включается после включения в сеть,Не греет,in_repair,operator,specialist1,
R-20251012-7770,2025-10-12 17:14:09,Соколов Екатерина Сергеевич,+7 (999) 727-78-83,Фанкойл,Carrier 42MV,Плохо греет,Протечка,completed,operator,specialist7,2025-11-07 22:14:09
R-20250710-4607,2025-07-10 09:08:09,Петров Екатерина Сергеевич,+7 (905) 841-78-77,Вентиляция,Vents 2000,Не работает обогрев,Не включается,in_repair,operator3,,
R-20251005-0063,2025-10-05 21:17:09,Козлов Владимир Михайловна,+7 (929) 977-35-68,Кондиционер,Daikin S12EQ,Плохо греет,Не охлаждает,in_repair,operator2,specialist10,
R-20250729-1313,2025-07-29 14:06:09,Смирнова Дмитрий Андреевна,+7 (916) 398-65-95,Вентиляция,VentPro 3000,Не работает дистанционное управление,Не работает дисплей,open,operator3,specialist5,
R-20251122-2608,2025-11-22 17:32:09,Смирнова Иван Петрович,+7 (926) 452-70-64,Чиллер,York YCIV,Не включается после включения в сеть,Течет фреон,open,operator3,specialist5,
R-20251017-1434,2025-10-17 03:15:09,Козлов Юлия Петрович,+7 (903) 915-53-57,Чиллер,Trane 30XA,Плохо охлаждает,Выбивает автомат,completed,operator4,specialist10,2025-11-09 05:15:09
R-20250830-2410,2025-08-30 07:22:09,Кузнецов Иван Дмитриевна,+7 (926) 718-70-98,Фанкойл,Carrier 42MV,Плохо охлаждает,Искрит,completed,operator5,specialist7,2025-09-14 12:22:09
R-20251214-6906,2025-12-14 15:01:09,Лебедев Алексей Алексеевна,+7 (916) 256-25-80,Тепловой насос,LG Altherma,Не работает таймер,Замерзает блок,completed,operator2,specialist10,2026-01-11 23:01:09
R-20250707-3912,2025-07-07 20:35:09,Попова Наталья Андреевич,+7 (905) 782-65-30,Осушитель,Master BD,Течет фреон,Другое,open,operator5,,
R-20251106-5016,2025-11-06 06:39:09,Сидоров Екатерина Сергеевна,+7 (905) 246-16-79,Чиллер,Carrier 30XA,Не включается после включения в сеть,Не работает дисплей,in_repair,operator1,specialist,
R-20251213-9872,2025-12-13 22:37:09,Петров Андрей Владимировна,+7 (999) 877-55-94,Обогреватель,Ballu BEC,Течет фреон,Протечка,open,operator5,specialist9,
R-20250823-5814,2025-08-23 23:35:09,Соколова Иван Дмитриевна,+7 (999) 768-18-93,Увлажнитель,Venta LW25,Не переключается режим,Протечка,waiting_parts,operator5,,
R-20251206-2584,2025-12-06 23:13:09,Соколов Александр Петрович,+7 (999) 632-69-19,Кондиционер,Daikin S12EQ,Течет вода,Шум/вибрация,open,operator1,specialist,
R-20251006-6717,2025-10-06 17:52:09,Иванов Михаил Дмитриевич,+7 (929) 148-11-50,Фанкойл,Daikin 42MV,Не включается вообще,Протечка,completed,operator,,2025-10-07 23:52:09
R-20251125-6422,2025-11-25 18:53:09,Козлова Ольга Михайлович,+7 (926) 256-74-48,Вентиляция,VentPro 2000,Течет фреон,Не включается,completed,operator2,specialist10,2025-12-08 23:53:09
R-20250627-2151,2025-06-27 09:31:09,Морозова Петр Алексеевич,+7 (916) 991-78-78,Чиллер,Carrier YCIV,Искрит при включении,Не охлаждает,open,operator3,specialist4,
R-20250716-3876,2025-07-16 19:53:09,Попов Анна Алексеевна,+7 (905) 873-83-67,Вентиляция,Vents 3000,Не включается вообще,Другое,open,operator5,,
R-20251020-5421,2025-10-20 07:20:09,Новиков Екатерина Алексеевич,+7 (905) 128-74-58,Увлажнитель,Stadler LW25,Замерзает внутренний блок,Не охлаждает,waiting_parts,operator3,specialist6,
R-20250721-5491,2025-07-21 04:49:09,Смирнов Андрей Михайлович,+7 (926) 445-28-67,Обогреватель,Electrolux BEC,Не работает обогрев,Не охлаждает,waiting_parts,operator,specialist1,
R-20251121-5579,2025-11-21 20:52:09,Новиков Екатерина Алексеевич,+7 (905) 128-74-58,Тепловой насос,Mitsubishi Altherma,Не включается вообще,Запах гари,open,operator3,specialist3,
R-20250728-1295,2025-07-28 17:41:09,Попова Мария Николаевич,+7 (903) 774-19-45,Осушитель,Ballu DH,Не работает обогрев,Не включается,in_repair,operator4,specialist1,
R-20250904-4235,2025-09-04 17:22:09,Сидоров Иван Александровна,+7 (925) 207-83-26,Кондиционер,Daikin S12EQ,Вибрация при включении,Выбивает автомат,open,operator,specialist7,
R-20250910-2010,2025-09-10 10:34:09,Попова Елена Николаевна,+7 (916) 626-76-68,Чиллер,York YCIV,Выбивает автомат при включении,Запах гари,open,operator,,
R-20250720-8627,2025-07-20 15:17:09,Морозова Петр Иванович,+7 (903) 350-75-19,Чиллер,Carrier YCIV,Плохо охлаждает,Не греет,completed,operator,,2025-08-06 23:17:09
R-20250910-3471,2025-09-10 23:03:09,Новиков Алексей Михайлович,+7 (925) 317-92-40,Обогреватель,Electrolux TCH,Течет вода,Течет фреон,in_repair,operator3,specialist7,
R-20250729-0332,2025-07-29 09:58:09,Попов Анна Алексеевна,+7 (905) 873-83-67,Вентиляция,Systemair 3000,Запах гари,Шум/вибрация,open,operator,specialist8,
R-20251009-9397,2025-10-09 01:54:09,Кузнецов Андрей Александрович,+7 (926) 456-30-19,Фанкойл,Carrier 40RM,Запах гари,Не включается,waiting_parts,operator,,
R-20250913-2179,2025-09-13 10:34:09,Козлов Юлия Андреевна,+7 (929) 436-37-97,Обогреватель,Ballu BEC,Не работает дистанционное управление,,in_repair,operator,specialist10,
R-20251217-3352,2025-12-17 09:27:09,Соколов Александр Николаевич,+7 (929) 647-30-88,Вентиляция,Vents 3000,Не работает вентиляция,Замерзает блок,in_repair,operator4,specialist9,
R-20250706-7638,2025-07-06 15:10:09,Новиков Алексей Михайлович,+7 (925) 317-92-40,Осушитель,Master BD,Не работает таймер,Выбивает автомат,open,operator3,specialist3,
R-20250718-8074,2025-07-18 07:42:09,Попова Мария Николаевич,+7 (903) 774-19-45,Чиллер,York 30XA,Не переключается режим,Не включается,completed,operator4,specialist4,2025-07-30 09:42:09
R-20250924-9489,2025-09-24 06:32:09,Кузнецов Андрей Александрович,+7 (916) 624-45-35,Вентиляция,VentPro 2000,Течет фреон,,in_repair,operator2,specialist8,
R-20250708-5465,2025-07-08 13:56:09,Новиков Екатерина Алексеевич,+7 (905) 128-74-58,Осушитель,Ballu BD,Шумит при работе,,open,operator3,specialist,
R-20250831-2031,2025-08-31 13:17:09,Лебедев Алексей Алексеевна,+7 (916) 256-25-80,Тепловой насос,LG Zubadan,Течет фреон,Не греет,completed,operator4,specialist2,2025-09-22 16:17:09
R-20250802-4272,2025-08-02 03:45:09,Лебедев Владимир Александровна,+7 (916) 440-31-81,Увлажнитель,Stadler LW25,Не работает пульт управления,Запах гари,open,operator5,specialist,
R-20250905-4841,2025-09-05 17:04:09,Козлов Мария Иванович,+7 (926) 457-85-71,Тепловой насос,Daikin Zubadan,Запах гари,Запах гари,in_repair,operator,,
R-20250731-5437,2025-07-31 15:04:09,Новикова Николай Андреевна,+7 (905) 126-58-83,Кондиционер,Daikin FTXB,Течет фреон,Другое,open,operator3,,
R-20250813-3345,2025-08-13 02:48:09,Смирнова Елена Сергеевич,+7 (929) 559-68-81,Чиллер,Carrier 30XA,Не работает обогрев,Не работает вентиляция,in_repair,operator3,specialist3,
R-20251017-6228,2025-10-17 11:25:09,Соколов Александр Петрович,+7 (999) 632-69-19,Кондиционер,Daikin FTXB,Не работает обогрев,Протечка,in_repair,operator5,,
R-20250908-6475,2025-09-08 19:21:09,Кузнецов Владимир Сергеевна,+7 (929) 196-63-67,Кондиционер,Mitsubishi S12EQ,Шумит при работе,Не работает пульт,open,operator,specialist3,
R-20250819-5882,2025-08-19 15:48:09,Сидоров Екатерина Сергеевна,+7 (905) 246-16-79,Увлажнитель,Boneco LW25,Издает странные звуки,Протечка,open,operator5,,
R-20250802-0634,2025-08-02 16:43:09,Козлова Ольга Михайлович,+7 (926) 256-74-48,Тепловой насос,LG Zubadan,Не работает пульт управления,Не работает дисплей,open,operator1,specialist9,
R-20251106-6420,2025-11-06 07:31:09,Козлов Ольга Александровна,+7 (925) 180-73-40,Чиллер,York 30XA,Не работает обогрев,,in_repair,operator1,specialist5,
R-20250714-1157,2025-07-14 14:57:09,Смирнов Андрей Михайлович,+7 (926) 445-28-67,Кондиционер,Daikin FTXB,Издает странные звуки,Другое,open,operator4,specialist7,
R-20250903-3352,2025-09-03 21:47:09,Новикова Сергей Иванович,+7 (903) 250-19-85,Осушитель,Master BD,Течет вода,Течет фреон,open,operator1,specialist2,
R-20251002-5328,2025-10-02 03:05:09,Кузнецова Мария Петровна,+7 (903) 782-24-40,Увлажнитель,Stadler W200,Замерзает внутренний блок,Выбивает автомат,waiting_parts,operator2,specialist,
R-20250629-6993,2025-06-29 13:52:09,Соколова Елена Сергеевна,+7 (925) 282-72-71,Обогреватель,Ballu BEC,Замерзает внутренний блок,Не греет,open,operator5,,
R-20250630-0363,2025-06-30 06:29:09,Козлов Владимир Михайловна,+7 (929) 977-35-68,Чиллер,York 30XA,Не работает дистанционное управление,Шум/вибрация,waiting_parts,operator5,specialist1,
R-20251208-9185,2025-12-08 04:13:09,Попова Михаил Сергеевич,+7 (916) 166-73-97,Осушитель,Ballu BD,Не работает пульт управления,Не греет,waiting_parts,operator2,specialist7,
R-20250803-5101,2025-08-03 15:27:09,Кузнецов Владимир Сергеевна,+7 (929) 196-63-67,Вентиляция,Vents 3000,Плохо греет,Течет фреон,open,operator1,specialist5,
R-20251029-9977,2025-10-29 18:38:09,Лебедев Юлия Ивановна,+7 (916) 770-58-62,Увлажнитель,Boneco W200,Не работает обогрев,Шум/вибрация,in_repair,operator4,specialist2,
R-20250925-3113,2025-09-25 09:07:09,Новикова Татьяна Михайловна,+7 (999) 724-60-35,Обогреватель,Electrolux TCH,Шумит при работе,Не греет,open,operator5,specialist,
R-20251024-2952,2025-10-24 04:12:09,Петров Андрей Владимировна,+7 (999) 877-55-94,Увлажнитель,Stadler LW25,Течет фреон,Не работает пульт,open,operator3,specialist5,
R-20251106-6151,2025-11-06 10:19:09,Морозова Юлия Михайлович,+7 (925) 864-59-82,Осушитель,Ballu DH,Вибрация при включении,Другое,open,operator5,specialist10,
R-20250830-1404,2025-08-30 05:17:09,Кузнецов Андрей Александрович,+7 (926) 456-30-19,Увлажнитель,Stadler LW25,Не включается вообще,Шум/вибрация,open,operator,specialist9,
R-20251203-5970,2025-12-03 15:38:09,Петров Елена Александровна,+7 (905) 106-32-57,Фанкойл,Carrier 40RM,Не работает обогрев,Не работает дисплей,open,operator5,,
R-20251207-4267,2025-12-07 08:40:09,Кузнецов Андрей Александрович,+7 (916) 624-45-35,Осушитель,Ballu BD,Не переключается режим,Не включается,waiting_parts,operator1,,
R-20250818-6533,2025-08-18 13:58:09,Смирнов Андрей Михайлович,+7 (926) 445-28-67,Увлажнитель,Venta LW25,Не включается после включения в сеть,Не включается,open,operator4,specialist4,
R-20250803-8553,2025-08-03 18:40:09,Соколова Наталья Дмитриевна,+7 (925) 728-23-61,Вентиляция,Systemair 3000,Замерзает внутренний блок,Запах гари,completed,operator1,specialist9,2025-08-17 00:40:09
R-20250623-9612,2025-06-23 19:30:09,Морозова Елена Сергеевич,+7 (999) 882-12-20,Тепловой насос,Daikin Altherma,Замерзает внутренний блок,Не работает дисплей,completed,operator,specialist6,2025-07-14 01:30:09
R-20250901-0050,2025-09-01 12:25:09,Петров Владимир Дмитриевич,+7 (916) 267-85-14,Фанкойл,York 40RM,Не переключается режим,Замерзает блок,open,operator3,specialist2,
R-20251104-1067,2025-11-04 05:07:09,Иванов Михаил Дмитриевич,+7 (929) 148-11-50,Кондиционер,LG FTXB,Не работает дистанционное управление,Не охлаждает,waiting_parts,operator3,specialist2,
R-20250910-0602,2025-09-10 19:22:09,Морозов Алексей Петровна,+7 (999) 692-96-58,Фанкойл,York 40RM,Замерзает внутренний блок,Протечка,in_repair,operator3,specialist9,
R-20251128-5893,2025-11-28 21:47:09,Попов Анна Алексеевна,+7 (905) 873-83-67,Тепловой насос,Daikin Zubadan,Не включается вообще,Не работает вентиляция,completed,operator1,specialist7,2025-12-19 22:47:09
R-20251101-2104,2025-11-01 20:31:09,Кузнецов Владимир Сергеевна,+7 (929) 196-63-67,Фанкойл,Carrier 42MV,Плохо охлаждает,Не работает дисплей,completed,operator2,specialist7,2025-11-20 22:31:09
R-20250821-9556,2025-08-21 13:28:09,Иванов Михаил Дмитриевич,+7 (929) 148-11-50,Обогреватель,Ballu TCH,Не работает обогрев,Искрит,in_repair,operator1,specialist7,
R-20251011-6982,2025-10-11 06:52:09,Смирнов Петр Сергеевич,+7 (929) 419-28-93,Увлажнитель,Venta LW25,Запах гари,,in_repair,operator3,specialist3,
R-20251001-7438,2025-10-01 09:40:09,Попов Екатерина Сергеевна,+7 (903) 708-74-52,Вентиляция,VentPro 2000,Искрит при включении,Другое,waiting_parts,operator2,specialist3,
R-20251110-7368,2025-11-10 12:32:09,Соколов Александр Петрович,+7 (999) 632-69-19,Кондиционер,Mitsubishi S12EQ,Искрит при включении,Протечка,waiting_parts,operator2,specialist1,
R-20251031-2657,2025-10-31 17:47:09,Козлова Михаил Николаевич,+7 (916) 400-78-41,Тепловой насос,Daikin Zubadan,Не переключается режим,Шум/вибрация,in_repair,operator2,specialist4,
R-20250727-1011,2025-07-27 21:25:09,Лебедев Светлана Александрович,+7 (905) 759-88-68,Тепловой насос,LG Zubadan,Замерзает внутренний блок,Не охлаждает,waiting_parts,operator2,,
R-20251215-4262,2025-12-15 06:14:09,Новикова Сергей Иванович,+7 (903) 250-19-85,Фанкойл,Carrier 42MV,Замерзает внутренний блок,Не работает вентиляция,waiting_parts,operator,,
